Source,Type,Identifier,Title,DateEarliest,DateLatest,RelationAttachments,CoverageSpatial,Description,Category,CoverageTemporal,CoverageEarliest,CoverageLatest,RightsStatus,RightsSidelined,Relation,Contributor,Coverage,Creator,Date,Format,Language,Publisher,Rights,Subject,CoverageAltitude,CoverageArea,CoverageCRS,CoverageCoordinates,CoverageCropped,CoverageEnvelopeXYZ,CoverageEnvelopeGEO,CoverageXYZ,CoverageGEO,CoverageJSON,CoveragePosition,CoverageSerialized,CoverageUTC,CoverageUnion,DateEarliestISO8601,DateLatestISO8601,DateModified,DateTimeZone,DateUTC,FormatDiameter,FormatHeight,FormatImage,FormatImageAnnotations,FormatImageHeight,FormatImageModificationDate,FormatImageTransformXYZ,FormatImageTransformGEO,FormatImageEnvelopeXYZ,FormatImageEnvelopeGEO,FormatImageWidth,FormatLength,FormatMaximumDimension,FormatPreservedHeight,FormatThickness,FormatWidth,IdentifierUUID,RelationBelongsTo,RelationBelongsToUUID,RelationCuts,RelationCutsUUID,RelationIncludes,RelationIncludesUUID,RelationIsAbove,RelationIsAboveUUID,RelationIsAfter,RelationIsAfterUUID,RelationIsBefore,RelationIsBeforeUUID,RelationIsBelow,RelationIsBelowUUID,RelationIsCoevalWith,RelationIsCoevalWithUUID,RelationIsCutBy,RelationIsCutByUUID,RelationIsNextTo,RelationIsNextToUUID,RelationURLs,RightsDeleted,RightsLocked,RightsRating,RightsTrashed,Subtype,Material,NotebookPage,Context,Deposit
ΒΘ West 2013,Other,,"Extra section, Rooms 2 and 4",2013-06-17T08:52:45Z,2013-06-17T08:52:52Z,,,,,,,,All Done,0,,,,,17 juin 2013,,,,,,[53.449 TO 54.219],0.169,,,,"ENVELOPE(408.633, 410.124, 357.609, 351.293)","ENVELOPE(23.72276554064566411739, 23.72278269851512177979, 37.97644820802180021246, 37.97639133788732124231)","GEOMETRYCOLLECTION(POLYGON Z ((408.633 357.609 54.219, 408.682 357.46 53.687, 408.838 356.696 53.706, 409.041 355.899 53.673, 409.344 354.54 53.688, 409.372 354.452 54.12, 409.501 353.952 53.947, 409.519 353.887 53.496, 409.739 352.797 53.452, 410.079 351.396 53.449, 410.124 351.293 53.839, 408.633 357.609 54.219)))","POLYGON ((23.72276554 37.97644821, 23.7227661 37.97644687, 23.7227679 37.97643999, 23.72277024 37.97643281, 23.72277372 37.97642057, 23.72277405 37.97641978, 23.72277553 37.97641528, 23.72277574 37.97641469, 23.72277827 37.97640488, 23.72278218 37.97639226, 23.7227827 37.97639134, 23.72276554 37.97644821))",,"409.416, 354.263","n=
d=2013-06-17T08:52:52Z
x=0X1.98A20C49BA5E3P+8
y=0X1.659BE76C8B439P+8
z=0X1.B1C083126E979P+5
v=0X1.74530ECA8642P+6
s=0X1.0D9999999999AP+4
hz=0X1.429AAAAAAAAABP+8
h=0X1.8CCCCCCCCCCCDP+0

n=
d=2013-06-17T08:52:52Z
x=0X1.98AE978D4FDF4P+8
y=0X1.6575C28F5C28FP+8
z=0X1.AD7EF9DB22D0EP+5
v=0X1.7BB456789ABCEP+6
s=0X1.0BD70A3D70A3DP+4
hz=0X1.426D27D27D27DP+8
h=0X1.8CCCCCCCCCCCDP+0

n=
d=2013-06-17T08:52:52Z
x=0X1.98D6872B020C5P+8
y=0X1.64B22D0E56042P+8
z=0X1.ADA5E353F7CEEP+5
v=0X1.7C4C3B2A1907FP+6
s=0X1.00B020C49BA5EP+4
hz=0X1.4132FC962FC97P+8
h=0X1.8CCCCCCCCCCCDP+0

n=
d=2013-06-17T08:52:52Z
x=0X1.990A7EF9DB22DP+8
y=0X1.63E624DD2F1AAP+8
z=0X1.AD624DD2F1AAP+5
v=0X1.7DC51EB851EB9P+6
s=0X1.E9C28F5C28F5CP+3
hz=0X1.3FEB05B05B05CP+8
h=0X1.8CCCCCCCCCCCDP+0

n=
d=2013-06-17T08:52:52Z
x=0X1.995810624DD2FP+8
y=0X1.628A3D70A3D71P+8
z=0X1.AD810624DD2F2P+5
v=0X1.7F68F5C28F5C2P+6
s=0X1.C2E147AE147AEP+3
hz=0X1.3D4962FC962FDP+8
h=0X1.8CCCCCCCCCCCDP+0

n=
d=2013-06-17T08:52:52Z
x=0X1.995F3B645A1CBP+8
y=0X1.6273B645A1CACP+8
z=0X1.B0F5C28F5C28FP+5
v=0X1.788P+6
s=0X1.BF020C49BA5E3P+3
hz=0X1.3D2091A2B3C4FP+8
h=0X1.8CCCCCCCCCCCDP+0

n=
d=2013-06-17T08:52:52Z
x=0X1.99804189374BCP+8
y=0X1.61F3B645A1CACP+8
z=0X1.AF9374BC6A7FP+5
v=0X1.7BFA987654321P+6
s=0X1.B10624DD2F1AAP+3
hz=0X1.3C15555555555P+8
h=0X1.8CCCCCCCCCCCDP+0

n=
d=2013-06-17T08:52:52Z
x=0X1.9984DD2F1A9FCP+8
y=0X1.61E3126E978D5P+8
z=0X1.ABF7CED916873P+5
v=0X1.83ADCBA987655P+6
s=0X1.B0A3D70A3D70AP+3
hz=0X1.3BF27D27D27D4P+8
h=0X1.8CCCCCCCCCCCDP+0

n=
d=2013-06-17T08:52:52Z
x=0X1.99BD2F1A9FBE7P+8
y=0X1.60CC083126E98P+8
z=0X1.AB9DB22D0E56P+5
v=0X1.867F6E5D4C3B2P+6
s=0X1.938D4FDF3B646P+3
hz=0X1.3931D950C83FDP+8
h=0X1.8CCCCCCCCCCCDP+0

n=
d=2013-06-17T08:52:52Z
x=0X1.9A14395810625P+8
y=0X1.5F65604189375P+8
z=0X1.AB978D4FDF3B6P+5
v=0X1.89B17E4B17E4BP+6
s=0X1.6E2D0E5604189P+3
hz=0X1.35330ECA86421P+8
h=0X1.8CCCCCCCCCCCDP+0

n=
d=2013-06-17T08:52:52Z
x=0X1.9A1FBE76C8B44P+8
y=0X1.5F4B020C49BA6P+8
z=0X1.AEB645A1CAC08P+5
v=0X1.8227D27D27D28P+6
s=0X1.696872B020C4AP+3
hz=0X1.34F091A2B3C4DP+8
h=0X1.8CCCCCCCCCCCDP+0

n=
d=2013-06-17T08:52:52Z
x=0X1.98A20C49BA5E3P+8
y=0X1.659BE76C8B439P+8
z=0X1.B1C083126E979P+5
v=0X1.74530ECA8642P+6
s=0X1.0D9999999999AP+4
hz=0X1.429AAAAAAAAABP+8
h=0X1.8CCCCCCCCCCCDP+0",,,2013-06-17T11:52:45+0300,2013-06-17T11:52:52+0300,2014-07-28T12:25:29Z,Europe/Athens,2013-06-17T08:52:45Z,,,,,,,,,,,,,,,,,DC3FCA57-2D14-4FF6-897D-12534C2AB58E,,,,,"Feature  (ΒΘ West 2013)
Feature  (ΒΘ West 2013)","05F6145A-8987-4A2A-B12D-1BDC4B66EC6A
E634518D-414E-427F-9AC8-5D435D918975",,,,,,,,,,,,,,,,0,0,,0,,,,,
ΒΘ West 2013,Other,,Extra southern section x-section,2013-06-13T04:35:16Z,2013-06-13T04:35:30Z,,,,,,,,All Done,0,,,,,13 juin 2013,,,,,,[53.648 TO 54.574],0.817,,,,"ENVELOPE(402.241, 410.124, 347.736, 346.749)","ENVELOPE(23.72269307968611684601, 23.72278283327093717503, 37.97635910608643428077, 37.97635039798760914209)","GEOMETRYCOLLECTION(POLYGON Z ((410.124 346.749 54.574, 409.946 346.86 53.893, 409.457 346.837 53.736, 409.288 346.838 53.648, 408.994 346.855 53.671, 408.9 346.875 53.739, 408.611 346.897 53.777, 408.307 346.947 53.835, 407.901 346.968 53.863, 407.593 347.021 53.857, 407.233 347.025 53.695, 406.888 347.113 53.692, 406.809 347.16 53.76, 405.709 347.288 53.765, 404.214 347.486 53.74, 403.8 347.54 54.029, 403.52 347.541 53.784, 403.424 347.54 53.741, 403.355 347.527 54.359, 402.881 347.629 54.359, 402.241 347.736 54.423, 410.124 346.749 54.574)))","POLYGON ((23.72278283 37.9763504, 23.7227808 37.97635139, 23.72277524 37.97635118, 23.72277332 37.97635118, 23.72276997 37.97635133, 23.7227689 37.9763515, 23.72276561 37.9763517, 23.72276215 37.97635214, 23.72275752 37.97635232, 23.72275402 37.97635279, 23.72274992 37.97635282, 23.72274599 37.9763536, 23.72274509 37.97635402, 23.72273257 37.97635515, 23.72271554 37.9763569, 23.72271083 37.97635738, 23.72270764 37.97635738, 23.72270655 37.97635737, 23.72270577 37.97635725, 23.72270037 37.97635816, 23.72269308 37.97635911, 23.72278283 37.9763504))",,"406.58, 347.185","n=
d=2013-06-13T04:35:30Z
x=0X1.9A1FBE76C8B44P+8
y=0X1.5ABFBE76C8B44P+8
z=0X1.B4978D4FDF3B6P+5
v=0X1.5CECF13579BEP+6
s=0X1.C322D0E560419P+2
hz=0X1.05E258BF258CP+8
h=0X1.8CCCCCCCCCCCDP+0

n=
d=2013-06-13T04:35:30Z
x=0X1.99F22D0E56042P+8
y=0X1.5ADC28F5C28F6P+8
z=0X1.AF24DD2F1A9FCP+5
v=0X1.72D47AE147AE1P+6
s=0X1.CD810624DD2F2P+2
hz=0X1.06F369D0369DP+8
h=0X1.8CCCCCCCCCCCDP+0

n=
d=2013-06-13T04:35:30Z
x=0X1.9974FDF3B645AP+8
y=0X1.5AD645A1CAC08P+8
z=0X1.ADE353F7CED91P+5
v=0X1.76CE38E38E38EP+6
s=0X1.ED3F7CED91687P+2
hz=0X1.073BCDF012345P+8
h=0X1.8CCCCCCCCCCCDP+0

n=
d=2013-06-13T04:35:30Z
x=0X1.9949BA5E353F8P+8
y=0X1.5AD6872B020C5P+8
z=0X1.AD2F1A9FBE76DP+5
v=0X1.7908888888889P+6
s=0X1.F8624DD2F1AAP+2
hz=0X1.0762222222222P+8
h=0X1.8CCCCCCCCCCCDP+0

n=
d=2013-06-13T04:35:30Z
x=0X1.98FE76C8B4396P+8
y=0X1.5ADAE147AE148P+8
z=0X1.AD5E353F7CED9P+5
v=0X1.77CB60B60B60CP+6
s=0X1.056872B020C4AP+3
hz=0X1.07BDCBA987654P+8
h=0X1.8CCCCCCCCCCCDP+0

n=
d=2013-06-13T04:35:30Z
x=0X1.98E6666666666P+8
y=0X1.5AEP+8
z=0X1.ADE978D4FDF3BP+5
v=0X1.75BA987654321P+6
s=0X1.0828F5C28F5C3P+3
hz=0X1.07F369D0369DP+8
h=0X1.8CCCCCCCCCCCDP+0

n=
d=2013-06-13T04:35:30Z
x=0X1.989C6A7EF9DB2P+8
y=0X1.5AE5A1CAC0831P+8
z=0X1.AE374BC6A7EFAP+5
v=0X1.74416C16C16C1P+6
s=0X1.11374BC6A7EFAP+3
hz=0X1.084DA740DA74P+8
h=0X1.8CCCCCCCCCCCDP+0

n=
d=2013-06-13T04:35:30Z
x=0X1.984E978D4FDF4P+8
y=0X1.5AF26E978D4FEP+8
z=0X1.AEAE147AE147BP+5
v=0X1.72562FC962FC9P+6
s=0X1.1AA7EF9DB22D1P+3
hz=0X1.08D20FEDCBA97P+8
h=0X1.8CCCCCCCCCCCDP+0

n=
d=2013-06-13T04:35:30Z
x=0X1.97E6A7EF9DB23P+8
y=0X1.5AF7CED916873P+8
z=0X1.AEE76C8B43958P+5
v=0X1.712EEEEEEEEEFP+6
s=0X1.277CED916872BP+3
hz=0X1.092E147AE147BP+8
h=0X1.8CCCCCCCCCCCDP+0

n=
d=2013-06-13T04:35:30Z
x=0X1.9797CED916873P+8
y=0X1.5B05604189375P+8
z=0X1.AEDB22D0E5604P+5
v=0X1.710A3D70A3D71P+6
s=0X1.3126E978D4FDFP+3
hz=0X1.09A740DA740DAP+8
h=0X1.8CCCCCCCCCCCDP+0

n=
d=2013-06-13T04:35:30Z
x=0X1.973BA5E353F7DP+8
y=0X1.5B06666666666P+8
z=0X1.AD8F5C28F5C29P+5
v=0X1.7477C048D159EP+6
s=0X1.3CDD2F1A9FBE7P+3
hz=0X1.09D54320FEDCCP+8
h=0X1.8CCCCCCCCCCCDP+0

n=
d=2013-06-13T04:35:30Z
x=0X1.96E353F7CED91P+8
y=0X1.5B1CED916872BP+8
z=0X1.AD89374BC6A7FP+5
v=0X1.741EB851EB852P+6
s=0X1.47B645A1CAC08P+3
hz=0X1.0A77654320FEEP+8
h=0X1.8CCCCCCCCCCCDP+0

n=
d=2013-06-13T04:35:30Z
x=0X1.96CF1A9FBE76DP+8
y=0X1.5B28F5C28F5C3P+8
z=0X1.AE147AE147AE1P+5
v=0X1.72828F5C28F5CP+6
s=0X1.4A04189374BC7P+3
hz=0X1.0AC0C83FB72E9P+8
h=0X1.8CCCCCCCCCCCDP+0

n=
d=2013-06-13T04:35:30Z
x=0X1.95B5810624DD3P+8
y=0X1.5B49BA5E353F8P+8
z=0X1.AE1EB851EB852P+5
v=0X1.7168F5C28F5C2P+6
s=0X1.6CED916872B02P+3
hz=0X1.0BB530ECA8642P+8
h=0X1.8CCCCCCCCCCCDP+0

n=
d=2013-06-13T04:35:30Z
x=0X1.9436C8B439581P+8
y=0X1.5B7C6A7EF9DB2P+8
z=0X1.ADEB851EB851FP+5
v=0X1.70C28F5C28F5CP+6
s=0X1.9C9374BC6A7FP+3
hz=0X1.0CDB2A1907F6EP+8
h=0X1.8CCCCCCCCCCCDP+0

n=
d=2013-06-13T04:35:30Z
x=0X1.93CCCCCCCCCCDP+8
y=0X1.5B8A3D70A3D71P+8
z=0X1.B03B645A1CAC1P+5
v=0X1.6B85F92C5F92CP+6
s=0X1.A989374BC6A7FP+3
hz=0X1.0D1F258BF258DP+8
h=0X1.8CCCCCCCCCCCDP+0

n=
d=2013-06-13T04:35:30Z
x=0X1.93851EB851EB8P+8
y=0X1.5B8A7EF9DB22DP+8
z=0X1.AE45A1CAC0831P+5
v=0X1.6F930ECA8642P+6
s=0X1.B2A7EF9DB22D1P+3
hz=0X1.0D254320FEDCCP+8
h=0X1.8CCCCCCCCCCCDP+0

n=
d=2013-06-13T04:35:30Z
x=0X1.936C8B439581P+8
y=0X1.5B8A3D70A3D71P+8
z=0X1.ADED916872B02P+5
v=0X1.704P+6
s=0X1.B5CAC083126E9P+3
hz=0X1.0D256789ABCDFP+8
h=0X1.8CCCCCCCCCCCDP+0

n=
d=2013-06-13T04:35:30Z
x=0X1.935AE147AE148P+8
y=0X1.5B86E978D4FDFP+8
z=0X1.B2DF3B645A1CBP+5
v=0X1.65E7D27D27D28P+6
s=0X1.B7BE76C8B4396P+3
hz=0X1.0D18D159E26AEP+8
h=0X1.8CCCCCCCCCCCDP+0

n=
d=2013-06-13T04:35:30Z
x=0X1.92E189374BC6AP+8
y=0X1.5BA10624DD2F2P+8
z=0X1.B2DF3B645A1CBP+5
v=0X1.65F89ABCDF012P+6
s=0X1.C6D916872B021P+3
hz=0X1.0D8A2B3C4D5E7P+8
h=0X1.8CCCCCCCCCCCDP+0

n=
d=2013-06-13T04:35:30Z
x=0X1.923DB22D0E56P+8
y=0X1.5BBC6A7EF9DB2P+8
z=0X1.B3624DD2F1AAP+5
v=0X1.651159E26AF38P+6
s=0X1.DB5C28F5C28F6P+3
hz=0X1.0DF8641FDB976P+8
h=0X1.8CCCCCCCCCCCDP+0

n=
d=2013-06-13T04:35:30Z
x=0X1.9A1FBE76C8B44P+8
y=0X1.5ABFBE76C8B44P+8
z=0X1.B4978D4FDF3B6P+5
v=0X1.5CECF13579BEP+6
s=0X1.C322D0E560419P+2
hz=0X1.05E258BF258CP+8
h=0X1.8CCCCCCCCCCCDP+0",,,2013-06-13T07:35:16+0300,2013-06-13T07:35:30+0300,2014-07-28T12:25:29Z,Europe/Athens,2013-06-13T04:35:16Z,,,,,,,,,,,,,,,,,70C7ACE5-2385-44FE-94E7-922CED42A20A,,,,,"west:2019:b:11
Feature  (ΒΘ West 2013)","72EBAA0B-432F-4F17-8F39-6226FB11B289
B7A26DC1-D926-4B32-AA36-7E6DA9089FCB",,,,,,,,,,,,,,,,0,0,,0,,,,,
ΒΘ West 2013,Other,,extra x-section of E. Sec SE Area and S. Sec NE Area,2013-06-14T03:25:58Z,2013-06-14T03:26:41Z,,,,,,,,All Done,0,,,,,14 juin 2013,,,,,,[53.551 TO 54.188],0.154,,,,"ENVELOPE(407.357, 413.398, 349.17, 348.597)","ENVELOPE(23.72275126747731022192, 23.72282004313863623679, 37.97637214563813756740, 37.97636712444216300355)","GEOMETRYCOLLECTION(POLYGON Z ((413.398 348.597 54.188, 412.939 348.65 53.934, 410.95 348.83 53.858, 410.643 348.848 53.945, 410.591 348.869 53.827, 410.318 348.871 53.882, 409.761 348.907 53.801, 409.46 348.977 53.672, 408.852 349.028 53.67, 407.799 349.136 53.619, 407.357 349.17 53.551, 413.398 348.597 54.188)))","POLYGON ((23.72282004 37.97636712, 23.72281482 37.97636759, 23.72279217 37.97636917, 23.72278868 37.97636932, 23.72278809 37.97636951, 23.72278498 37.97636952, 23.72277864 37.97636983, 23.72277521 37.97637046, 23.72276829 37.9763709, 23.7227563 37.97637185, 23.72275127 37.97637215, 23.72282004 37.97636712))",,"410.264, 348.888","n=
d=2013-06-14T03:26:41Z
x=0X1.9D65E353F7CEEP+8
y=0X1.5C98D4FDF3B64P+8
z=0X1.B1810624DD2F2P+5
v=0X1.88AAAAAAAAAABP+6
s=0X1.C6353F7CED917P+2
hz=0X1.35A7E4B17E4B1P+8
h=0X1.8CCCCCCCCCCCDP+0

n=
d=2013-06-14T03:26:41Z
x=0X1.9CF0624DD2F1BP+8
y=0X1.5CA6666666666P+8
z=0X1.AF78D4FDF3B64P+5
v=0X1.8EA740DA740DBP+6
s=0X1.E178D4FDF3B64P+2
hz=0X1.33B47AE147AE1P+8
h=0X1.8CCCCCCCCCCCDP+0

n=
d=2013-06-14T03:26:41Z
x=0X1.9AF3333333333P+8
y=0X1.5CD47AE147AE1P+8
z=0X1.AEDD2F1A9FBE7P+5
v=0X1.8939BE02468ADP+6
s=0X1.285A1CAC08312P+3
hz=0X1.2CF9ABCDF0124P+8
h=0X1.8CCCCCCCCCCCDP+0

n=
d=2013-06-14T03:26:41Z
x=0X1.9AA49BA5E353FP+8
y=0X1.5CD916872B021P+8
z=0X1.AF8F5C28F5C29P+5
v=0X1.8638091A2B3C5P+6
s=0X1.30A3D70A3D70AP+3
hz=0X1.2C1C4D5E6F80AP+8
h=0X1.8CCCCCCCCCCCDP+0

n=
d=2013-06-14T03:26:41Z
x=0X1.9A974BC6A7EFAP+8
y=0X1.5CDE76C8B4396P+8
z=0X1.AE9DB22D0E56P+5
v=0X1.88D6C16C16C17P+6
s=0X1.32E978D4FDF3BP+3
hz=0X1.2C0F5C28F5C29P+8
h=0X1.8CCCCCCCCCCCDP+0

n=
d=2013-06-14T03:26:41Z
x=0X1.9A516872B020CP+8
y=0X1.5CDEF9DB22D0EP+8
z=0X1.AF0E560418937P+5
v=0X1.86C4444444445P+6
s=0X1.3A3D70A3D70A4P+3
hz=0X1.2B44320FEDCBBP+8
h=0X1.8CCCCCCCCCCCDP+0

n=
d=2013-06-14T03:26:41Z
x=0X1.99C2D0E560419P+8
y=0X1.5CE83126E978DP+8
z=0X1.AE6872B020C4AP+5
v=0X1.870D5E6F8091AP+6
s=0X1.4A9FBE76C8B44P+3
hz=0X1.29EAF37C048D2P+8
h=0X1.8CCCCCCCCCCCDP+0

n=
d=2013-06-14T03:26:41Z
x=0X1.9975C28F5C28FP+8
y=0X1.5CFA1CAC08312P+8
z=0X1.AD604189374BCP+5
v=0X1.88ECF13579BEP+6
s=0X1.54AC083126E98P+3
hz=0X1.297CCCCCCCCCDP+8
h=0X1.8CCCCCCCCCCCDP+0

n=
d=2013-06-14T03:26:41Z
x=0X1.98DA1CAC08312P+8
y=0X1.5D072B020C49CP+8
z=0X1.AD5C28F5C28F6P+5
v=0X1.8751111111111P+6
s=0X1.66978D4FDF3B6P+3
hz=0X1.284579BE02469P+8
h=0X1.8CCCCCCCCCCCDP+0

n=
d=2013-06-14T03:26:41Z
x=0X1.97CC8B439581P+8
y=0X1.5D22D0E560419P+8
z=0X1.ACF3B645A1CACP+5
v=0X1.85B6E5D4C3B2AP+6
s=0X1.866E978D4FDF4P+3
hz=0X1.2685F92C5F92CP+8
h=0X1.8CCCCCCCCCCCDP+0

n=
d=2013-06-14T03:26:41Z
x=0X1.975B645A1CAC1P+8
y=0X1.5D2B851EB851FP+8
z=0X1.AC6872B020C4AP+5
v=0X1.85F654320FEDDP+6
s=0X1.93F7CED916873P+3
hz=0X1.25D320FEDCBA9P+8
h=0X1.8CCCCCCCCCCCDP+0

n=
d=2013-06-14T03:26:41Z
x=0X1.9D65E353F7CEEP+8
y=0X1.5C98D4FDF3B64P+8
z=0X1.B1810624DD2F2P+5
v=0X1.88AAAAAAAAAABP+6
s=0X1.C6353F7CED917P+2
hz=0X1.35A7E4B17E4B1P+8
h=0X1.8CCCCCCCCCCCDP+0",,,2013-06-14T06:25:58+0300,2013-06-14T06:26:41+0300,2014-07-28T12:25:30Z,Europe/Athens,2013-06-14T03:25:58Z,,,,,,,,,,,,,,,,,74BFD831-B877-45EA-9549-A2F2BA395CCB,,,,,"west:2019:b:14
Feature  (ΒΘ West 2013)
Feature  (ΒΘ West 2013)
Feature  (ΒΘ West 2013)","72EBAA0B-432F-4F17-8F39-6226FB11B289
8F2291B3-620A-4667-B06E-DAD1C9BF75E2
AD721A50-1EA6-4D14-81F4-671A121EA726
B9D6071A-6BA6-4ABD-9236-45873A762D5A",,,,,,,,,,,,,,,,0,0,,0,,,,,
ΒΘ West 2013,Other,,Room 3 elev check,2013-07-22T04:25:40Z,2013-07-22T04:25:57Z,,,,,,,,All Done,0,,,,,22 juil. 2013,,,,,,[53.425 TO 53.514],3.535,,,,"ENVELOPE(405.861, 408.724, 359.718, 357.533)","ENVELOPE(23.72273393060504531604, 23.72276655662736644103, 37.97646715034350251017, 37.97644746872633447765)","GEOMETRYCOLLECTION(POLYGON Z ((405.861 359.603 53.486, 406.109 359.718 53.511, 406.25 359.517 53.512, 406.702 359.511 53.513, 407.212 359.335 53.514, 407.792 358.927 53.48, 408.335 358.564 53.46, 408.724 358.276 53.453, 408.708 358.156 53.425, 408.152 357.968 53.432, 407.404 357.775 53.502, 407.346 357.886 53.469, 406.861 357.76 53.482, 406.301 357.533 53.504, 406.14 358.2 53.489, 406.018 358.891 53.512, 405.861 359.603 53.486)))","POLYGON ((23.72273393 37.97646611, 23.72273675 37.97646715, 23.72273836 37.97646534, 23.72274351 37.9764653, 23.72274932 37.97646373, 23.72275593 37.97646006, 23.72276212 37.97645681, 23.72276656 37.97645422, 23.72276638 37.97645314, 23.72276006 37.97645143, 23.72275155 37.97644967, 23.72275088 37.97645067, 23.72274537 37.97644953, 23.722739 37.97644747, 23.72273715 37.97645347, 23.72273574 37.9764597, 23.72273393 37.97646611))",,"407.037, 358.561","n=
d=2013-07-22T04:25:57Z
x=0X1.95DC6A7EF9DB2P+8
y=0X1.679A5E353F7CFP+8
z=0X1.ABE353F7CED91P+5
v=0X1.6FE2222222222P+6
s=0X1.CA1CAC083126FP+3
hz=0X1.309987654321P+8
h=0X1.8CCCCCCCCCCCDP+0

n=
d=2013-07-22T04:25:57Z
x=0X1.961BE76C8B439P+8
y=0X1.67B7CED916873P+8
z=0X1.AC16872B020C5P+5
v=0X1.6F8FA4FA4FA5P+6
s=0X1.C5B22D0E56042P+3
hz=0X1.318D0369D0369P+8
h=0X1.8CCCCCCCCCCCDP+0

n=
d=2013-07-22T04:25:57Z
x=0X1.964P+8
y=0X1.67845A1CAC083P+8
z=0X1.AC189374BC6A8P+5
v=0X1.6FAAAAAAAAAABP+6
s=0X1.BE4DD2F1A9FBEP+3
hz=0X1.31372EA61D952P+8
h=0X1.8CCCCCCCCCCCDP+0

n=
d=2013-07-22T04:25:57Z
x=0X1.96B3B645A1CACP+8
y=0X1.6782D0E560419P+8
z=0X1.AC1A9FBE76C8BP+5
v=0X1.6FDC71C71C71DP+6
s=0X1.B276C8B439581P+3
hz=0X1.324BBBBBBBBBBP+8
h=0X1.8CCCCCCCCCCCDP+0

n=
d=2013-07-22T04:25:57Z
x=0X1.973645A1CAC08P+8
y=0X1.6755C28F5C28FP+8
z=0X1.AC1CAC083126FP+5
v=0X1.7026666666666P+6
s=0X1.A204189374BC7P+3
hz=0X1.32FFC962FC964P+8
h=0X1.8CCCCCCCCCCCDP+0

n=
d=2013-07-22T04:25:57Z
x=0X1.97CAC083126E9P+8
y=0X1.66ED4FDF3B646P+8
z=0X1.ABD70A3D70A3DP+5
v=0X1.714P+6
s=0X1.8B645A1CAC083P+3
hz=0X1.331ABCDF01235P+8
h=0X1.8CCCCCCCCCCCDP+0

n=
d=2013-07-22T04:25:57Z
x=0X1.9855C28F5C28FP+8
y=0X1.6690624DD2F1BP+8
z=0X1.ABAE147AE147BP+5
v=0X1.72281B4E81B4EP+6
s=0X1.768F5C28F5C29P+3
hz=0X1.334AAAAAAAAABP+8
h=0X1.8CCCCCCCCCCCDP+0

n=
d=2013-07-22T04:25:57Z
x=0X1.98B95810624DDP+8
y=0X1.6646A7EF9DB23P+8
z=0X1.AB9FBE76C8B44P+5
v=0X1.72B92C5F92C6P+6
s=0X1.6722D0E560419P+3
hz=0X1.3353456789ABDP+8
h=0X1.8CCCCCCCCCCCDP+0

n=
d=2013-07-22T04:25:57Z
x=0X1.98B53F7CED917P+8
y=0X1.6627EF9DB22D1P+8
z=0X1.AB66666666666P+5
v=0X1.7359E26AF37CP+6
s=0X1.653F7CED91687P+3
hz=0X1.32C8E38E38E38P+8
h=0X1.8CCCCCCCCCCCDP+0

n=
d=2013-07-22T04:25:57Z
x=0X1.9826E978D4FDFP+8
y=0X1.65F7CED916873P+8
z=0X1.AB74BC6A7EF9EP+5
v=0X1.72E1D950C83FCP+6
s=0X1.703126E978D5P+3
hz=0X1.305F258BF258DP+8
h=0X1.8CCCCCCCCCCCDP+0

n=
d=2013-07-22T04:25:57Z
x=0X1.97676C8B43958P+8
y=0X1.65C6666666666P+8
z=0X1.AC04189374BC7P+5
v=0X1.7116789ABCDFP+6
s=0X1.80D4FDF3B645AP+3
hz=0X1.2D9962FC962FBP+8
h=0X1.8CCCCCCCCCCCDP+0

n=
d=2013-07-22T04:25:57Z
x=0X1.97589374BC6A8P+8
y=0X1.65E2D0E560419P+8
z=0X1.ABC083126E979P+5
v=0X1.719F012345679P+6
s=0X1.8449BA5E353F8P+3
hz=0X1.2DE6E5D4C3B29P+8
h=0X1.8CCCCCCCCCCCDP+0

n=
d=2013-07-22T04:25:57Z
x=0X1.96DC6A7EF9DB2P+8
y=0X1.65C28F5C28F5CP+8
z=0X1.ABDB22D0E5604P+5
v=0X1.711A740DA740EP+6
s=0X1.8F7CED916872BP+3
hz=0X1.2C3BF258BF259P+8
h=0X1.8CCCCCCCCCCCDP+0

n=
d=2013-07-22T04:25:57Z
x=0X1.964D0E5604189P+8
y=0X1.658872B020C4AP+8
z=0X1.AC083126E978DP+5
v=0X1.7072EA61D950CP+6
s=0X1.9B8D4FDF3B646P+3
hz=0X1.2A1A06D3A06D4P+8
h=0X1.8CCCCCCCCCCCDP+0

n=
d=2013-07-22T04:25:57Z
x=0X1.9623D70A3D70AP+8
y=0X1.6633333333333P+8
z=0X1.ABE978D4FDF3BP+5
v=0X1.706BCDF012345P+6
s=0X1.AA76C8B439581P+3
hz=0X1.2C4F13579BE02P+8
h=0X1.8CCCCCCCCCCCDP+0

n=
d=2013-07-22T04:25:57Z
x=0X1.96049BA5E353FP+8
y=0X1.66E4189374BC7P+8
z=0X1.AC189374BC6A8P+5
v=0X1.6FC1B4E81B4E8P+6
s=0X1.B94FDF3B645A2P+3
hz=0X1.2E8888888888AP+8
h=0X1.8CCCCCCCCCCCDP+0

n=
d=2013-07-22T04:25:57Z
x=0X1.95DC6A7EF9DB2P+8
y=0X1.679A5E353F7CFP+8
z=0X1.ABE353F7CED91P+5
v=0X1.6FE2222222222P+6
s=0X1.CA1CAC083126FP+3
hz=0X1.309987654321P+8
h=0X1.8CCCCCCCCCCCDP+0",,,2013-07-22T07:25:40+0300,2013-07-22T07:25:57+0300,2014-07-15T09:04:59Z,Europe/Athens,2013-07-22T04:25:40Z,,,,,,,,,,,,,,,,,3971A357-E32B-4AE5-B10C-2C9A5EB48018,,,,,,,,,,,,,,,,,,,,,,0,0,,0,,,,,
ΒΘ West 2013,Other,,Room 4,2013-06-23T08:58:12Z,2013-06-23T08:58:16Z,,,,,,,,All Done,0,,,,,23 juin 2013,,,,,,,12.884,,,,"ENVELOPE(407.263, 412.507, 354.492, 350.753)","ENVELOPE(23.72275006717157097569, 23.72280980105752234977, 37.97642019812757041564, 37.97638642744988146660)","GEOMETRYCOLLECTION(POLYGON ((412.5067 351.8781, 408.0372 350.7534, 407.2627 353.4519, 411.955 354.4915, 412.5067 351.8781)))","POLYGON ((23.7228098 37.97639667, 23.72275896 37.97638643, 23.72275007 37.97641072, 23.72280344 37.9764202, 23.7228098 37.97639667))",,"409.919, 352.649","n=
d=2013-06-23T08:58:16Z
x=0X1.9C81B71758E22P+8
y=0X1.5FE0CB295E9E2P+8
z=0X0P+0
tp=YES

n=
d=2013-06-23T08:58:16Z
x=0X1.980985F06F694P+8
y=0X1.5EC0DED288CE7P+8
z=0X0P+0
tp=YES

n=
d=2013-06-23T08:58:16Z
x=0X1.9743404EA4A8CP+8
y=0X1.6173AFB7E91P+8
z=0X0P+0
tp=YES

n=
d=2013-06-23T08:58:16Z
x=0X1.9BF47AE147AE1P+8
y=0X1.627DD2F1A9FBEP+8
z=0X0P+0
tp=YES

n=
d=2013-06-23T08:58:16Z
x=0X1.9C81B71758E22P+8
y=0X1.5FE0CB295E9E2P+8
z=0X0P+0
tp=YES",,,2013-06-23T11:58:12+0300,2013-06-23T11:58:16+0300,2014-07-28T12:25:30Z,Europe/Athens,2013-06-23T08:58:12Z,,,,,,,,,,,,,,,,,CFC99DFF-690E-4F60-BD3E-D88FC3BBC543,,,,,,,,,,,,,,,,,,,,,,0,0,,0,,,,,
ΒΘ West 2013,Other,,Soil Sample Opening Elevations,2013-07-23T04:25:20Z,2013-07-24T09:41:37Z,,,,,,,,All Done,0,,,,,23–24 juil. 2013,,,,,,[53.8 TO 53.975],0.007,,,,"ENVELOPE(406.727, 406.828, 359.829, 359.695)","ENVELOPE(23.72274378365170477423, 23.72274493204758627485, 37.97646816630226851430, 37.97646695917146786314)","GEOMETRYCOLLECTION(POINT Z (406.775 359.795 53.975), POINT Z (406.727 359.73 53.948), POINT Z (406.828 359.77 53.912), POINT Z (406.788 359.829 53.895), POINT Z (406.822 359.766 53.857), POINT Z (406.795 359.695 53.83), POINT Z (406.826 359.742 53.8))","GEOMETRYCOLLECTION (POINT (23.72274433 37.97646786), POINT (23.72274378 37.97646727), POINT (23.72274493 37.97646764), POINT (23.72274448 37.97646817), POINT (23.72274486 37.9764676), POINT (23.72274456 37.97646696), POINT (23.72274491 37.97646738))",,"406.784, 359.755","n=
d=2013-07-23T04:25:37Z
x=0X1.96C6666666666P+8
y=0X1.67CB851EB851FP+8
z=0X1.AFCCCCCCCCCCDP+5
v=0X1.689F92C5F92C6P+6
s=0X1.AB53F7CED9168P+3
hz=0X1.338D4C3B2A191P+8
h=0X1.8CCCCCCCCCCCDP+0


n=
d=2013-07-23T05:37:57Z
x=0X1.96BA1CAC08312P+8
y=0X1.67BAE147AE148P+8
z=0X1.AF95810624DD3P+5
v=0X1.615D0369D0369P+6
s=0X1.AB7CED916872BP+3
hz=0X1.3334E81B4E81AP+8
h=0X1P+1


n=
d=2013-07-23T08:40:57Z
x=0X1.96D3F7CED9168P+8
y=0X1.67C51EB851EB8P+8
z=0X1.AF4BC6A7EF9DBP+5
v=0X1.69B69D0369D04P+6
s=0X1.A9810624DD2F2P+3
hz=0X1.339B3C4D5E6F8P+8
h=0X1.8CCCCCCCCCCCDP+0


n=
d=2013-07-23T10:49:28Z
x=0X1.96C9BA5E353F8P+8
y=0X1.67D4395810625P+8
z=0X1.AF28F5C28F5C3P+5
v=0X1.69FE02468ACF1P+6
s=0X1.ABAE147AE147BP+3
hz=0X1.33B40DA740DA7P+8
h=0X1.8CCCCCCCCCCCDP+0


n=
d=2013-07-24T06:39:40Z
x=0X1.96D26E978D4FEP+8
y=0X1.67C4189374BC7P+8
z=0X1.AEDB22D0E5604P+5
v=0X1.6B5B97530ECA8P+6
s=0X1.A666666666666P+3
hz=0X1.33C9D0369D038P+8
h=0X1.8CCCCCCCCCCCDP+0


n=
d=2013-07-24T08:49:00Z
x=0X1.96CB851EB851FP+8
y=0X1.67B1EB851EB85P+8
z=0X1.AEA3D70A3D70AP+5
v=0X1.6BD59E26AF37CP+6
s=0X1.A5BA5E353F7CFP+3
hz=0X1.33782D82D82D7P+8
h=0X1.8CCCCCCCCCCCDP+0


n=
d=2013-07-24T09:41:37Z
x=0X1.96D374BC6A7FP+8
y=0X1.67BDF3B645A1DP+8
z=0X1.AE66666666666P+5
v=0X1.6C5D950C83FB7P+6
s=0X1.A5DB22D0E5604P+3
hz=0X1.33B740DA740DAP+8
h=0X1.8CCCCCCCCCCCDP+0",,,2013-07-23T07:25:20+0300,2013-07-24T12:41:37+0300,2014-07-15T09:04:58Z,Europe/Athens,[2013-07-23T04:25:20Z TO 2013-07-24T09:41:37Z],,,,,,,,,,,,,,,,,0C4C0AD6-C968-4C7B-AB99-DAAC364F69E1,,,,,,,,,,,,,,,,,,,,,,0,0,,0,,,,,
ΒΘ West 2013,Other,,Threshold Block,2013-07-19T06:30:11Z,2013-07-19T06:30:22Z,,,,,,,,All Done,0,,,,,19 juil. 2013,,,,,,[54.275 TO 54.275],,,,,,,GEOMETRYCOLLECTION(POINT Z (406.506 359.761 54.275)),POINT (23.72274127 37.97646755),,"406.506, 359.761","n=
d=2013-07-19T06:30:22Z
x=0X1.968189374BC6AP+8
y=0X1.67C2D0E560419P+8
z=0X1.B233333333333P+5
v=0X1.62B49F49F49F5P+6
s=0X1.B5604189374BCP+3
hz=0X1.3154B17E4B17EP+8
h=0X1.8CCCCCCCCCCCDP+0",,,2013-07-19T09:30:11+0300,2013-07-19T09:30:22+0300,2014-07-15T09:05:00Z,Europe/Athens,2013-07-19T06:30:11Z,,,,,,,,,,,,,,,,,6CC6B2E7-A721-4876-9A68-F06BDE295485,"west:2019:b:71
Lot ΒΘ 527","05C1300A-296A-4E72-83B7-F364FA7DA3E3
BE140050-9D46-485D-BACF-64657110A119",,,,,,,,,,,,,,,,,,,,0,0,,0,,,,,
ΒΘ West 2013,Other,0,Test pt 2,2013-06-14T04:02:22Z,2013-06-14T04:02:33Z,,,,,,,,All Done,0,,,,,14 juin 2013,,,,,,[54.28 TO 54.28],,,,,,,GEOMETRYCOLLECTION(POINT Z (406.453 356.845 54.28)),POINT (23.72274075 37.97644127),,"406.453, 356.845","n=
d=2013-06-14T04:02:33Z
x=0X1.9673F7CED9168P+8
y=0X1.64D851EB851ECP+8
z=0X1.B23D70A3D70A4P+5
v=0X1.73D3A06D3A06DP+6
s=0X1.1C353F7CED917P+4
hz=0X1.3BDC16C16C16CP+8
h=0X1.8CCCCCCCCCCCDP+0",,,2013-06-14T07:02:22+0300,2013-06-14T07:02:33+0300,2014-07-28T12:25:30Z,Europe/Athens,2013-06-14T04:02:22Z,,,,,,,,,,,,,,,,,A1ECEA1B-53F3-4323-90AC-F9AC63C43431,,,,,,,,,,,,,,,,,,,,,,0,0,,0,,,,,
ΒΘ West 2013,Other,77,Pithos 1,2013-07-31T07:52:16Z,2013-07-31T07:52:23Z,,,,Pottery,,,,All Done,0,,,,,31 juil. 2013,,,,,,[53.81 TO 53.81],,,,,,,GEOMETRYCOLLECTION(POINT Z (406.716 359.818 53.81)),POINT (23.72274366 37.97646807),,"406.716, 359.818","n=
d=2013-07-31T07:52:23Z
x=0X1.96B74BC6A7EFAP+8
y=0X1.67D16872B020CP+8
z=0X1.AE7AE147AE148P+5
v=0X1.6C66666666666P+6
s=0X1.AA9FBE76C8B44P+3
hz=0X1.34F9BE02468ACP+8
h=0X1.8CCCCCCCCCCCDP+0",,,2013-07-31T10:52:16+0300,2013-07-31T10:52:23+0300,2014-07-15T09:05:00Z,Europe/Athens,2013-07-31T07:52:16Z,,,,,,,,,,,,,,,,,87558B4C-C784-4A65-88FF-B22D47A1282E,"west:2019:b:96
Lot ΒΘ 529","4B885723-8BFE-4F17-AE0F-2044955C8C99
EDB28473-6FA0-4872-B661-E19EF38EA1C1",,,,,,,,,,,,,,,,,,,,0,0,,0,,Terracotta,3851,Room 3 of ΒΘ West,K 3:2
ΒΘ West 2013,Other,78,Pithos 2,2013-07-31T07:54:35Z,2013-07-31T07:54:42Z,,,,Pottery,,,,All Done,0,,,,,31 juil. 2013,,,,,,[53.764 TO 53.856],0.087,,,,"ENVELOPE(406.539, 406.896, 359.987, 359.656)","ENVELOPE(23.72274164086992342959, 23.72274570454086983773, 37.97646958957135154833, 37.97646660594634937524)","GEOMETRYCOLLECTION(POLYGON Z ((406.896 359.82 53.794, 406.876 359.916 53.815, 406.777 359.987 53.84, 406.643 359.971 53.856, 406.539 359.83 53.81, 406.58 359.692 53.781, 406.716 359.656 53.764, 406.838 359.701 53.774, 406.896 359.82 53.794)))","POLYGON ((23.7227457 37.97646809, 23.72274547 37.97646895, 23.72274435 37.97646959, 23.72274282 37.97646944, 23.72274164 37.97646817, 23.72274211 37.97646693, 23.72274366 37.97646661, 23.72274505 37.97646701, 23.7227457 37.97646809))",,"406.72, 359.821","n=
d=2013-07-31T07:54:42Z
x=0X1.96E5604189375P+8
y=0X1.67D1EB851EB85P+8
z=0X1.AE5A1CAC08312P+5
v=0X1.6CB6E5D4C3B2AP+6
s=0X1.A6353F7CED917P+3
hz=0X1.35792C5F92C5FP+8
h=0X1.8CCCCCCCCCCCDP+0

n=
d=2013-07-31T07:54:42Z
x=0X1.96E04189374BCP+8
y=0X1.67EA7EF9DB22DP+8
z=0X1.AE851EB851EB8P+5
v=0X1.6C523456789ACP+6
s=0X1.A8AC083126E98P+3
hz=0X1.35BD3A06D3A07P+8
h=0X1.8CCCCCCCCCCCDP+0

n=
d=2013-07-31T07:54:42Z
x=0X1.96C6E978D4FDFP+8
y=0X1.67FCAC083126FP+8
z=0X1.AEB851EB851ECP+5
v=0X1.6BDE26AF37C05P+6
s=0X1.AC83126E978D5P+3
hz=0X1.35B369D0369DP+8
h=0X1.8CCCCCCCCCCCDP+0

n=
d=2013-07-31T07:54:42Z
x=0X1.96A49BA5E353FP+8
y=0X1.67F89374BC6A8P+8
z=0X1.AED916872B021P+5
v=0X1.6B8F5C28F5C29P+6
s=0X1.AF851EB851EB8P+3
hz=0X1.3548F5C28F5C3P+8
h=0X1.8CCCCCCCCCCCDP+0

n=
d=2013-07-31T07:54:42Z
x=0X1.9689FBE76C8B4P+8
y=0X1.67D47AE147AE1P+8
z=0X1.AE7AE147AE148P+5
v=0X1.6C5B05B05B05BP+6
s=0X1.AF4BC6A7EF9DBP+3
hz=0X1.348A740DA740FP+8
h=0X1.8CCCCCCCCCCCDP+0

n=
d=2013-07-31T07:54:42Z
x=0X1.96947AE147AE1P+8
y=0X1.67B126E978D5P+8
z=0X1.AE3F7CED91687P+5
v=0X1.6CE2FC962FC96P+6
s=0X1.AB8D4FDF3B646P+3
hz=0X1.343012345678AP+8
h=0X1.8CCCCCCCCCCCDP+0

n=
d=2013-07-31T07:54:42Z
x=0X1.96B74BC6A7EFAP+8
y=0X1.67A7EF9DB22D1P+8
z=0X1.AE1CAC083126FP+5
v=0X1.6D3AE147AE147P+6
s=0X1.A76C8B439581P+3
hz=0X1.346DF01234569P+8
h=0X1.8CCCCCCCCCCCDP+0

n=
d=2013-07-31T07:54:42Z
x=0X1.96D6872B020C5P+8
y=0X1.67B374BC6A7FP+8
z=0X1.AE3126E978D5P+5
v=0X1.6D15E6F8091A3P+6
s=0X1.A53F7CED91687P+3
hz=0X1.34E97530ECA85P+8
h=0X1.8CCCCCCCCCCCDP+0

n=
d=2013-07-31T07:54:42Z
x=0X1.96E5604189375P+8
y=0X1.67D1EB851EB85P+8
z=0X1.AE5A1CAC08312P+5
v=0X1.6CB6E5D4C3B2AP+6
s=0X1.A6353F7CED917P+3
hz=0X1.35792C5F92C5FP+8
h=0X1.8CCCCCCCCCCCDP+0",,,2013-07-31T10:54:35+0300,2013-07-31T10:54:42+0300,2014-07-15T09:04:59Z,Europe/Athens,2013-07-31T07:54:35Z,,,,,,,,,,,,,,,,,2D386F41-D33D-4FAA-BC6D-8EA1C68ABB40,"west:2019:b:96
Lot ΒΘ 529","4B885723-8BFE-4F17-AE0F-2044955C8C99
EDB28473-6FA0-4872-B661-E19EF38EA1C1",,,,,,,,,,,,,,,,,,,,0,0,,0,,Terracotta,3851,Room 3 of ΒΘ West,K 3:2
ΒΘ West 2013,Other,82 false,Roof Cover Tile false,2013-08-01T05:06:53Z,2013-08-01T05:06:53Z,,,,,,,,All Done,0,,,,,1 août 2013,,,,,,,,,,,,,,,,,,,,2013-08-01T08:06:53+0300,2013-08-01T08:06:53+0300,2014-07-15T09:04:59Z,Europe/Athens,2013-08-01T05:06:53Z,,,,,,,,,,,,,,,,,B9099C09-A456-4BEC-9BB9-327C5C2F8A64,,,,,,,,,,,,,,,,,,,,,,0,0,,0,,,3831,,
ΒΘ West 2013,Other,A,Wall A Survey,2013-06-17T05:26:01Z,2013-06-17T05:26:26Z,,,,,,,,All Done,0,,,,,17 juin 2013,,,,,,[54.073 TO 54.455],1.221,,,,"ENVELOPE(406.201, 416.167, 360.897, 352.489)","ENVELOPE(23.72273776211085305476, 23.72285144447939586598, 37.97647777488635512100, 37.97640225482849274385)","GEOMETRYCOLLECTION(POLYGON Z ((406.201 360.897 54.267, 406.322 360.713 54.326, 406.348 360.667 54.455, 406.442 360.566 54.429, 406.487 360.535 54.236, 406.75 360.32 54.205, 407.779 359.48 54.174, 407.807 359.401 54.372, 408.975 358.47 54.388, 409.013 358.415 54.084, 409.293 358.232 54.085, 409.337 358.221 54.366, 409.747 357.957 54.391, 409.82 357.879 54.123, 411.376 356.616 54.106, 411.454 356.512 54.393, 412.03 356.002 54.384, 412.161 355.906 54.073, 414 354.358 54.153, 414.029 354.323 54.221, 415.138 353.357 54.229, 416.167 352.489 54.182, 406.201 360.897 54.267)))","POLYGON ((23.72273776 37.97647777, 23.72273914 37.97647612, 23.72273944 37.97647571, 23.72274051 37.9764748, 23.72274103 37.97647452, 23.72274403 37.97647259, 23.72275576 37.97646505, 23.72275609 37.97646433, 23.72276941 37.97645597, 23.72276984 37.97645548, 23.72277303 37.97645384, 23.72277354 37.97645374, 23.72277821 37.97645137, 23.72277904 37.97645067, 23.72279679 37.97643933, 23.72279768 37.97643839, 23.72280425 37.97643381, 23.72280575 37.97643295, 23.72282672 37.97641904, 23.72282706 37.97641873, 23.72283971 37.97641005, 23.72285144 37.97640225, 23.72273776 37.97647777))",,"410.251, 357.457","n=
d=2013-06-17T05:26:26Z
x=0X1.963374BC6A7FP+8
y=0X1.68E5A1CAC0831P+8
z=0X1.B222D0E560419P+5
v=0X1.665C28F5C28F5P+6
s=0X1.0F4BC6A7EF9DBP+4
hz=0X1.3F6B4E81B4E82P+8
h=0X1.8CCCCCCCCCCCDP+0

n=
d=2013-06-17T05:26:26Z
x=0X1.96526E978D4FEP+8
y=0X1.68B6872B020C5P+8
z=0X1.B29BA5E353F7DP+5
v=0X1.6587AE147AE14P+6
s=0X1.0BD2F1A9FBE77P+4
hz=0X1.3F52D82D82D83P+8
h=0X1.8CCCCCCCCCCCDP+0

n=
d=2013-06-17T05:26:26Z
x=0X1.965916872B021P+8
y=0X1.68AAC083126E9P+8
z=0X1.B3A3D70A3D70AP+5
v=0X1.63CP+6
s=0X1.0B020C49BA5E3P+4
hz=0X1.3F49F49F49F4AP+8
h=0X1.8CCCCCCCCCCCDP+0

n=
d=2013-06-17T05:26:26Z
x=0X1.967126E978D5P+8
y=0X1.6890E56041893P+8
z=0X1.B36E978D4FDF4P+5
v=0X1.64159E26AF37CP+6
s=0X1.08D0E56041893P+4
hz=0X1.3F4F13579BE02P+8
h=0X1.8CCCCCCCCCCCDP+0

n=
d=2013-06-17T05:26:26Z
x=0X1.967CAC083126FP+8
y=0X1.6888F5C28F5C3P+8
z=0X1.B1E353F7CED91P+5
v=0X1.66C0DA740DA74P+6
s=0X1.07EF9DB22D0E5P+4
hz=0X1.3F5ACF13579BEP+8
h=0X1.8CCCCCCCCCCCDP+0

n=
d=2013-06-17T05:26:26Z
x=0X1.96CP+8
y=0X1.6851EB851EB85P+8
z=0X1.B1A3D70A3D70AP+5
v=0X1.672AAAAAAAAABP+6
s=0X1.029374BC6A7FP+4
hz=0X1.3F913579BE024P+8
h=0X1.8CCCCCCCCCCCDP+0

n=
d=2013-06-17T05:26:26Z
x=0X1.97C76C8B43958P+8
y=0X1.677AE147AE148P+8
z=0X1.B1645A1CAC083P+5
v=0X1.6791EB851EB86P+6
s=0X1.DB645A1CAC083P+3
hz=0X1.407C3B2A1908P+8
h=0X1.8CCCCCCCCCCCDP+0

n=
d=2013-06-17T05:26:26Z
x=0X1.97CE978D4FDF4P+8
y=0X1.6766A7EF9DB23P+8
z=0X1.B2F9DB22D0E56P+5
v=0X1.648P+6
s=0X1.D8F5C28F5C28FP+3
hz=0X1.406P+8
h=0X1.8CCCCCCCCCCCDP+0

n=
d=2013-06-17T05:26:26Z
x=0X1.98F999999999AP+8
y=0X1.667851EB851ECP+8
z=0X1.B31A9FBE76C8BP+5
v=0X1.63D4C3B2A1908P+6
s=0X1.AA4DD2F1A9FBEP+3
hz=0X1.41B091A2B3C4DP+8
h=0X1.8CCCCCCCCCCCDP+0

n=
d=2013-06-17T05:26:26Z
x=0X1.990353F7CED91P+8
y=0X1.666A3D70A3D71P+8
z=0X1.B0AC083126E98P+5
v=0X1.6914320FEDCBBP+6
s=0X1.A810624DD2F1BP+3
hz=0X1.41AC16C16C16CP+8
h=0X1.8CCCCCCCCCCCDP+0

n=
d=2013-06-17T05:26:26Z
x=0X1.994B020C49BA6P+8
y=0X1.663B645A1CAC1P+8
z=0X1.B0AE147AE147BP+5
v=0X1.6911EB851EB85P+6
s=0X1.9DF3B645A1CACP+3
hz=0X1.422530ECA8642P+8
h=0X1.8CCCCCCCCCCCDP+0

n=
d=2013-06-17T05:26:26Z
x=0X1.995645A1CAC08P+8
y=0X1.66389374BC6A8P+8
z=0X1.B2ED916872B02P+5
v=0X1.64159E26AF37CP+6
s=0X1.9CDD2F1A9FBE7P+3
hz=0X1.42448D159E26BP+8
h=0X1.8CCCCCCCCCCCDP+0

n=
d=2013-06-17T05:26:26Z
x=0X1.99BF3B645A1CBP+8
y=0X1.65F4FDF3B645AP+8
z=0X1.B320C49BA5E35P+5
v=0X1.637AE147AE147P+6
s=0X1.8E353F7CED917P+3
hz=0X1.43049F49F49F4P+8
h=0X1.8CCCCCCCCCCCDP+0

n=
d=2013-06-17T05:26:26Z
x=0X1.99D1EB851EB85P+8
y=0X1.65E10624DD2F2P+8
z=0X1.B0FBE76C8B439P+5
v=0X1.686CF13579BEP+6
s=0X1.8AB851EB851ECP+3
hz=0X1.4311111111112P+8
h=0X1.8CCCCCCCCCCCDP+0

n=
d=2013-06-17T05:26:26Z
x=0X1.9B604189374BCP+8
y=0X1.649DB22D0E56P+8
z=0X1.B0D916872B021P+5
v=0X1.68DE26AF37C05P+6
s=0X1.4CDD2F1A9FBE7P+3
hz=0X1.45BD70A3D70A4P+8
h=0X1.8CCCCCCCCCCCDP+0

n=
d=2013-06-17T05:26:26Z
x=0X1.9B74395810625P+8
y=0X1.6483126E978D5P+8
z=0X1.B324DD2F1A9FCP+5
v=0X1.627F6E5D4C3B2P+6
s=0X1.48CCCCCCCCCCDP+3
hz=0X1.45C5E6F8091A2P+8
h=0X1.8CCCCCCCCCCCDP+0

n=
d=2013-06-17T05:26:26Z
x=0X1.9C07AE147AE14P+8
y=0X1.640083126E979P+8
z=0X1.B3126E978D4FEP+5
v=0X1.6248D159E26AFP+6
s=0X1.310624DD2F1AAP+3
hz=0X1.46EA3D70A3D71P+8
h=0X1.8CCCCCCCCCCCDP+0

n=
d=2013-06-17T05:26:26Z
x=0X1.9C29374BC6A7FP+8
y=0X1.63E7EF9DB22D1P+8
z=0X1.B095810624DD3P+5
v=0X1.69C9ABCDF0124P+6
s=0X1.2C10624DD2F1BP+3
hz=0X1.474456789ABCDP+8
h=0X1.8CCCCCCCCCCCDP+0

n=
d=2013-06-17T05:26:26Z
x=0X1.9EP+8
y=0X1.625BA5E353F7DP+8
z=0X1.B1395810624DDP+5
v=0X1.67C369D0369DP+6
s=0X1.C76C8B439581P+2
hz=0X1.4CFDB97530ECAP+8
h=0X1.8CCCCCCCCCCCDP+0

n=
d=2013-06-17T05:26:26Z
x=0X1.9E076C8B43958P+8
y=0X1.6252B020C49BAP+8
z=0X1.B1C49BA5E353FP+5
v=0X1.658FEDCBA9877P+6
s=0X1.C48B439581062P+2
hz=0X1.4D10A3D70A3D7P+8
h=0X1.8CCCCCCCCCCCDP+0

n=
d=2013-06-17T05:26:26Z
x=0X1.9F2353F7CED91P+8
y=0X1.615B645A1CAC1P+8
z=0X1.B1D4FDF3B645AP+5
v=0X1.64AE5D4C3B2A2P+6
s=0X1.6EF9DB22D0E56P+2
hz=0X1.52951EB851EB8P+8
h=0X1.8CCCCCCCCCCCDP+0

n=
d=2013-06-17T05:26:26Z
x=0X1.A02AC083126E9P+8
y=0X1.607D2F1A9FBE7P+8
z=0X1.B174BC6A7EF9EP+5
v=0X1.662D82D82D82DP+6
s=0X1.2624DD2F1A9FCP+2
hz=0X1.5A99ABCDF0124P+8
h=0X1.8CCCCCCCCCCCDP+0

n=
d=2013-06-17T05:26:26Z
x=0X1.963374BC6A7FP+8
y=0X1.68E5A1CAC0831P+8
z=0X1.B222D0E560419P+5
v=0X1.665C28F5C28F5P+6
s=0X1.0F4BC6A7EF9DBP+4
hz=0X1.3F6B4E81B4E82P+8
h=0X1.8CCCCCCCCCCCDP+0",,,2013-06-17T08:26:01+0300,2013-06-17T08:26:26+0300,2014-07-28T12:25:31Z,Europe/Athens,2013-06-17T05:26:01Z,,,,,,,,,,,,,,,,,58612D86-4F30-4B16-AFCE-071EC2E1FBCA,,,,,west:2019:b:13,B452EF8B-87A6-4FBF-971D-666F5F7F89AC,,,,,,,,,,,,,,,,0,0,,0,,,,,
ΒΘ West 2013,Other,B,North Baulk Survey,2013-06-17T05:15:33Z,2013-06-17T05:16:56Z,,,,,,,,All Done,0,,,,,17 juin 2013,,,,,,[54.068 TO 55.267],0.505,,,,"ENVELOPE(408.591, 416.897, 359.548, 353.291)","ENVELOPE(23.72276500509908458980, 23.72285972955626220937, 37.97646567677187334766, 37.97640949765627027546)","GEOMETRYCOLLECTION(POLYGON Z ((408.591 359.548 55.267, 408.648 359.504 55.159, 410.042 358.479 55.135, 410.109 358.431 54.595, 410.458 358.149 54.659, 410.506 358.127 54.105, 411.174 357.605 54.068, 411.244 357.545 54.296, 411.795 357.144 54.395, 411.846 357.114 54.385, 412.164 356.903 54.399, 412.219 356.837 54.677, 412.369 356.734 54.759, 412.566 356.627 54.706, 412.623 356.593 54.33, 414.669 354.981 54.397, 414.712 354.917 54.954, 414.973 354.741 54.963, 415.029 354.717 54.639, 416.615 353.503 54.645, 416.676 353.498 54.806, 416.897 353.291 54.804, 408.591 359.548 55.267)))","POLYGON ((23.72276501 37.97646568, 23.72276566 37.97646528, 23.72278155 37.97645608, 23.72278232 37.97645565, 23.7227863 37.97645312, 23.72278684 37.97645292, 23.72279446 37.97644823, 23.72279526 37.97644769, 23.72280154 37.97644409, 23.72280213 37.97644382, 23.72280575 37.97644193, 23.72280638 37.97644134, 23.72280809 37.97644041, 23.72281034 37.97643945, 23.72281098 37.97643915, 23.72283432 37.97642467, 23.72283481 37.9764241, 23.72283779 37.97642252, 23.72283843 37.9764223, 23.72285651 37.9764114, 23.72285721 37.97641136, 23.72285973 37.9764095, 23.72276501 37.97646568))",,"413.221, 356.084","n=
d=2013-06-17T05:16:56Z
x=0X1.98974BC6A7EFAP+8
y=0X1.678C49BA5E354P+8
z=0X1.BA22D0E560419P+5
v=0X1.56320FEDCBA98P+6
s=0X1.CE6E978D4FDF4P+3
hz=0X1.43269D0369D03P+8
h=0X1.8CCCCCCCCCCCDP+0

n=
d=2013-06-17T05:16:56Z
x=0X1.98A5E353F7CEEP+8
y=0X1.67810624DD2F2P+8
z=0X1.B945A1CAC0831P+5
v=0X1.57D50C83FB72FP+6
s=0X1.CBF7CED916873P+3
hz=0X1.433999999999AP+8
h=0X1.8CCCCCCCCCCCDP+0

n=
d=2013-06-17T05:16:56Z
x=0X1.9A0AC083126E9P+8
y=0X1.667A9FBE76C8BP+8
z=0X1.B9147AE147AE1P+5
v=0X1.562C5F92C5F93P+6
s=0X1.976C8B439581P+3
hz=0X1.457FDB97530EEP+8
h=0X1.8CCCCCCCCCCCDP+0

n=
d=2013-06-17T05:16:56Z
x=0X1.9A1BE76C8B439P+8
y=0X1.666E560418937P+8
z=0X1.B4C28F5C28F5CP+5
v=0X1.5FD7E4B17E4B2P+6
s=0X1.93F7CED916873P+3
hz=0X1.45A048D159E26P+8
h=0X1.8CCCCCCCCCCCDP+0

n=
d=2013-06-17T05:16:56Z
x=0X1.9A753F7CED917P+8
y=0X1.662624DD2F1AAP+8
z=0X1.B545A1CAC0831P+5
v=0X1.5E5CBA9876543P+6
s=0X1.864DD2F1A9FBEP+3
hz=0X1.463B2A1907F6EP+8
h=0X1.8CCCCCCCCCCCDP+0

n=
d=2013-06-17T05:16:56Z
x=0X1.9A8189374BC6AP+8
y=0X1.662083126E979P+8
z=0X1.B0D70A3D70A3DP+5
v=0X1.68C4D5E6F8092P+6
s=0X1.8483126E978D5P+3
hz=0X1.465C28F5C28F6P+8
h=0X1.8CCCCCCCCCCCDP+0

n=
d=2013-06-17T05:16:56Z
x=0X1.9B2C8B439581P+8
y=0X1.659AE147AE148P+8
z=0X1.B08B439581062P+5
v=0X1.6991EB851EB86P+6
s=0X1.6AE147AE147AEP+3
hz=0X1.47B61D950C84P+8
h=0X1.8CCCCCCCCCCCDP+0

n=
d=2013-06-17T05:16:56Z
x=0X1.9B3E76C8B4396P+8
y=0X1.658B851EB851FP+8
z=0X1.B25E353F7CED9P+5
v=0X1.64F05B05B05BP+6
s=0X1.68189374BC6A8P+3
hz=0X1.47D8F5C28F5C3P+8
h=0X1.8CCCCCCCCCCCDP+0

n=
d=2013-06-17T05:16:56Z
x=0X1.9BCB851EB851FP+8
y=0X1.6524DD2F1A9FCP+8
z=0X1.B328F5C28F5C3P+5
v=0X1.62A1D950C83FCP+6
s=0X1.54P+3
hz=0X1.4936D3A06D39FP+8
h=0X1.8CCCCCCCCCCCDP+0

n=
d=2013-06-17T05:16:56Z
x=0X1.9BD89374BC6A8P+8
y=0X1.651D2F1A9FBE7P+8
z=0X1.B3147AE147AE1P+5
v=0X1.62CE38E38E38EP+6
s=0X1.525604189374CP+3
hz=0X1.495E02468ACF1P+8
h=0X1.8CCCCCCCCCCCDP+0

n=
d=2013-06-17T05:16:56Z
x=0X1.9C29FBE76C8B4P+8
y=0X1.64E72B020C49CP+8
z=0X1.B33126E978D5P+5
v=0X1.62527D27D27D2P+6
s=0X1.47645A1CAC083P+3
hz=0X1.4A4CCCCCCCCCDP+8
h=0X1.8CCCCCCCCCCCDP+0

n=
d=2013-06-17T05:16:56Z
x=0X1.9C3810624DD2FP+8
y=0X1.64D645A1CAC08P+8
z=0X1.B56A7EF9DB22DP+5
v=0X1.5C03FB72EA61EP+6
s=0X1.450624DD2F1AAP+3
hz=0X1.4A62FC962FC97P+8
h=0X1.8CCCCCCCCCCCDP+0

n=
d=2013-06-17T05:16:56Z
x=0X1.9C5E76C8B4396P+8
y=0X1.64BBE76C8B439P+8
z=0X1.B6126E978D4FEP+5
v=0X1.59EEA61D950C8P+6
s=0X1.3FF7CED916873P+3
hz=0X1.4AD82D82D82D7P+8
h=0X1.8CCCCCCCCCCCDP+0

n=
d=2013-06-17T05:16:56Z
x=0X1.9C90E56041893P+8
y=0X1.64A083126E979P+8
z=0X1.B5A5E353F7CEEP+5
v=0X1.5AE468ACF1358P+6
s=0X1.39DB22D0E5604P+3
hz=0X1.4B8B851EB851FP+8
h=0X1.8CCCCCCCCCCCDP+0

n=
d=2013-06-17T05:16:56Z
x=0X1.9C9F7CED91687P+8
y=0X1.6497CED916873P+8
z=0X1.B2A3D70A3D70AP+5
v=0X1.63A9D0369D037P+6
s=0X1.378D4FDF3B646P+3
hz=0X1.4BBE147AE147BP+8
h=0X1.8CCCCCCCCCCCDP+0

n=
d=2013-06-17T05:16:56Z
x=0X1.9EAB439581062P+8
y=0X1.62FB22D0E5604P+8
z=0X1.B32D0E5604189P+5
v=0X1.603E4B17E4B18P+6
s=0X1.DB126E978D4FEP+2
hz=0X1.53CB05B05B05CP+8
h=0X1.8CCCCCCCCCCCDP+0

n=
d=2013-06-17T05:16:56Z
x=0X1.9EB645A1CAC08P+8
y=0X1.62EAC083126E9P+8
z=0X1.B7A1CAC083127P+5
v=0X1.4EDEB851EB852P+6
s=0X1.D8D4FDF3B645AP+2
hz=0X1.53F06D3A06D3BP+8
h=0X1.8CCCCCCCCCCCDP+0

n=
d=2013-06-17T05:16:56Z
x=0X1.9EF916872B021P+8
y=0X1.62BDB22D0E56P+8
z=0X1.B7B4395810625P+5
v=0X1.4DB37C048D15AP+6
s=0X1.C8D4FDF3B645AP+2
hz=0X1.556DB97530ECAP+8
h=0X1.8CCCCCCCCCCCDP+0

n=
d=2013-06-17T05:16:56Z
x=0X1.9F076C8B43958P+8
y=0X1.62B78D4FDF3B6P+8
z=0X1.B51CAC083126FP+5
v=0X1.57FC4D5E6F809P+6
s=0X1.C45A1CAC08312P+2
hz=0X1.55CD159E26AF3P+8
h=0X1.8CCCCCCCCCCCDP+0

n=
d=2013-06-17T05:16:56Z
x=0X1.A09D70A3D70A4P+8
y=0X1.6180C49BA5E35P+8
z=0X1.B528F5C28F5C3P+5
v=0X1.53579BE02468AP+6
s=0X1.629FBE76C8B44P+2
hz=0X1.6195B05B05B05P+8
h=0X1.8CCCCCCCCCCCDP+0

n=
d=2013-06-17T05:16:56Z
x=0X1.A0AD0E5604189P+8
y=0X1.617F7CED91687P+8
z=0X1.B672B020C49BAP+5
v=0X1.4CAC5F92C5F93P+6
s=0X1.62F1A9FBE76C9P+2
hz=0X1.62358BF258BF1P+8
h=0X1.8CCCCCCCCCCCDP+0

n=
d=2013-06-17T05:16:56Z
x=0X1.A0E5A1CAC0831P+8
y=0X1.614A7EF9DB22DP+8
z=0X1.B66E978D4FDF4P+5
v=0X1.4B9907F6E5D4DP+6
s=0X1.54BC6A7EF9DB2P+2
hz=0X1.645D5E6F8091CP+8
h=0X1.8CCCCCCCCCCCDP+0

n=
d=2013-06-17T05:16:56Z
x=0X1.98974BC6A7EFAP+8
y=0X1.678C49BA5E354P+8
z=0X1.BA22D0E560419P+5
v=0X1.56320FEDCBA98P+6
s=0X1.CE6E978D4FDF4P+3
hz=0X1.43269D0369D03P+8
h=0X1.8CCCCCCCCCCCDP+0",,,2013-06-17T08:15:33+0300,2013-06-17T08:16:56+0300,2014-07-28T12:25:29Z,Europe/Athens,[2013-06-17T05:15:33Z TO 2013-06-17T05:16:56Z],,,,,,,,,,,,,,,,,402418F5-FFF5-4A7C-A70F-6FB3892AF066,,,,,"west:2019:b:3
west:2019:b:4
west:2019:b:8
west:2019:b:10
west:2019:b:15
west:2019:b:16","071DE5A5-1FB7-480D-B4B2-9E1E7529FAE7
410D20EA-CFF2-4E1F-84CE-0C335BFC9E7B
62C104F9-BF2B-45DB-BFF0-6FB293602B72
64404336-A78C-46C4-AA3A-0AD09E8DDC76
86F095FD-9684-415F-8E03-61CC6290B51A
A081F0B0-1985-414F-A311-0D33A8E23376",,,,,,,,,,,,,,,,0,0,,0,,,,,
ΒΘ West 2013,Other,C,Eastern Section Survey,2013-06-14T03:36:37Z,2013-06-14T03:36:54Z,,,,,,,,All Done,0,,,,,14 juin 2013,,,,,,[53.867 TO 54.664],1.309,,,,"ENVELOPE(408.623, 416.047, 354.149, 343.488)","ENVELOPE(23.72276584559476475533, 23.72285002941069009808, 37.97641720805818721374, 37.97632098236447717454)","GEOMETRYCOLLECTION(POLYGON Z ((416.047 354.149 54.651, 415.597 353.558 54.664, 415.516 353.438 54.244, 415.211 352.845 54.157, 414.4 351.728 54.117, 413.64 350.639 54.144, 413.64 350.639 54.144, 413.334 350.207 54.096, 413.215 349.98 53.923, 413.072 349.797 54.165, 412.884 349.557 54.152, 412.776 349.392 54.045, 412.773 349.394 54.045, 412.681 349.215 54.072, 412.553 349.053 53.904, 412.557 349.052 53.904, 412.412 348.796 53.906, 412.408 348.797 53.905, 411.251 347.288 53.881, 410.735 346.536 53.868, 410.678 346.541 54.017, 410.379 346.153 54.139, 410.199 345.802 53.979, 409.844 345.24 53.908, 409.18 344.302 53.867, 408.822 343.82 53.937, 408.623 343.488 53.938, 416.047 354.149 54.651)))","POLYGON ((23.72285003 37.97641721, 23.72284493 37.97641187, 23.72284401 37.97641079, 23.72284055 37.97640544, 23.72283136 37.97639536, 23.72282274 37.97638553, 23.72282274 37.97638553, 23.72281927 37.97638163, 23.72281792 37.97637958, 23.7228163 37.97637793, 23.72281416 37.97637576, 23.72281294 37.97637427, 23.72281291 37.97637429, 23.72281186 37.97637268, 23.72281041 37.97637121, 23.72281046 37.9763712, 23.72280881 37.97636889, 23.72280877 37.9763689, 23.72279564 37.97635528, 23.72278979 37.97634849, 23.72278915 37.97634854, 23.72278575 37.97634503, 23.72278372 37.97634187, 23.72277969 37.9763368, 23.72277216 37.97632833, 23.7227681 37.97632398, 23.72276585 37.97632098, 23.72285003 37.97641721))",,"412.402, 348.916","n=
d=2013-06-14T03:36:54Z
x=0X1.A00C083126E98P+8
y=0X1.622624DD2F1AAP+8
z=0X1.B5353F7CED917P+5
v=0X1.5945B05B05B05P+6
s=0X1.A04189374BC6AP+2
hz=0X1.5EB69D0369D03P+8
h=0X1.8CCCCCCCCCCCDP+0

n=
d=2013-06-14T03:36:54Z
x=0X1.9F98D4FDF3B64P+8
y=0X1.618ED916872BP+8
z=0X1.B54FDF3B645A2P+5
v=0X1.5797530ECA865P+6
s=0X1.8147AE147AE14P+2
hz=0X1.598F258BF258DP+8
h=0X1.8CCCCCCCCCCCDP+0

n=
d=2013-06-14T03:36:54Z
x=0X1.9F84189374BC7P+8
y=0X1.617020C49BA5EP+8
z=0X1.B1F3B645A1CACP+5
v=0X1.67987654320FFP+6
s=0X1.7A2D0E5604189P+2
hz=0X1.5880C83FB72E9P+8
h=0X1.8CCCCCCCCCCCDP+0

n=
d=2013-06-14T03:36:54Z
x=0X1.9F3604189374CP+8
y=0X1.60D851EB851ECP+8
z=0X1.B14189374BC6AP+5
v=0X1.6B389ABCDF012P+6
s=0X1.5C083126E978DP+2
hz=0X1.53BCCCCCCCCCDP+8
h=0X1.8CCCCCCCCCCCDP+0

n=
d=2013-06-14T03:36:54Z
x=0X1.9E66666666666P+8
y=0X1.5FBA5E353F7CFP+8
z=0X1.B0EF9DB22D0E5P+5
v=0X1.6D86D3A06D3AP+6
s=0X1.33F7CED916873P+2
hz=0X1.45EEA61D950CAP+8
h=0X1.8CCCCCCCCCCCDP+0

n=
d=2013-06-14T03:36:54Z
x=0X1.9DA3D70A3D70AP+8
y=0X1.5EA395810624EP+8
z=0X1.B126E978D4FDFP+5
v=0X1.6C81FDB97530EP+6
s=0X1.209374BC6A7FP+2
hz=0X1.35F8ACF13579AP+8
h=0X1.8CCCCCCCCCCCDP+0

n=
d=2013-06-14T03:36:54Z
x=0X1.9DA3D70A3D70AP+8
y=0X1.5EA395810624EP+8
z=0X1.B126E978D4FDFP+5
v=0X1.6C81FDB97530EP+6
s=0X1.2083126E978D5P+2
hz=0X1.35F8ACF13579AP+8
h=0X1.8CCCCCCCCCCCDP+0

n=
d=2013-06-14T03:36:54Z
x=0X1.9D55810624DD3P+8
y=0X1.5E34FDF3B645AP+8
z=0X1.B0C49BA5E353FP+5
v=0X1.6EFF258BF258CP+6
s=0X1.1FDF3B645A1CBP+2
hz=0X1.2F39BE02468ACP+8
h=0X1.8CCCCCCCCCCCDP+0

n=
d=2013-06-14T03:36:54Z
x=0X1.9D370A3D70A3DP+8
y=0X1.5DFAE147AE148P+8
z=0X1.AF624DD2F1AAP+5
v=0X1.77D907F6E5D4CP+6
s=0X1.1F4BC6A7EF9DBP+2
hz=0X1.2BF4FA4FA4FA4P+8
h=0X1.8CCCCCCCCCCCDP+0

n=
d=2013-06-14T03:36:54Z
x=0X1.9D126E978D4FEP+8
y=0X1.5DCC083126E98P+8
z=0X1.B151EB851EB85P+5
v=0X1.6B77777777777P+6
s=0X1.2116872B020C5P+2
hz=0X1.290B4E81B4E82P+8
h=0X1.8CCCCCCCCCCCDP+0

n=
d=2013-06-14T03:36:54Z
x=0X1.9CE24DD2F1AAP+8
y=0X1.5D8E978D4FDF4P+8
z=0X1.B1374BC6A7EFAP+5
v=0X1.6C0E81B4E81B5P+6
s=0X1.2570A3D70A3D7P+2
hz=0X1.254E93E93E94P+8
h=0X1.8CCCCCCCCCCCDP+0

n=
d=2013-06-14T03:36:54Z
x=0X1.9CC6A7EF9DB23P+8
y=0X1.5D645A1CAC083P+8
z=0X1.B05C28F5C28F6P+5
v=0X1.7154C3B2A1908P+6
s=0X1.2810624DD2F1BP+2
hz=0X1.22E5B05B05B05P+8
h=0X1.8CCCCCCCCCCCDP+0

n=
d=2013-06-14T03:36:54Z
x=0X1.9CC5E353F7CEEP+8
y=0X1.5D64DD2F1A9FCP+8
z=0X1.B05C28F5C28F6P+5
v=0X1.7154C3B2A1908P+6
s=0X1.2851EB851EB85P+2
hz=0X1.22E5B05B05B05P+8
h=0X1.8CCCCCCCCCCCDP+0

n=
d=2013-06-14T03:36:54Z
x=0X1.9CAE560418937P+8
y=0X1.5D370A3D70A3DP+8
z=0X1.B09374BC6A7FP+5
v=0X1.6FEB851EB851FP+6
s=0X1.29EB851EB851FP+2
hz=0X1.2071D950C83FDP+8
h=0X1.8CCCCCCCCCCCDP+0

n=
d=2013-06-14T03:36:54Z
x=0X1.9C8D916872B02P+8
y=0X1.5D0D916872B02P+8
z=0X1.AF3B645A1CAC1P+5
v=0X1.77F1C71C71C72P+6
s=0X1.2F3B645A1CAC1P+2
hz=0X1.1E169D0369D03P+8
h=0X1.8CCCCCCCCCCCDP+0

n=
d=2013-06-14T03:36:54Z
x=0X1.9C8E978D4FDF4P+8
y=0X1.5D0D4FDF3B646P+8
z=0X1.AF3B645A1CAC1P+5
v=0X1.77F1C71C71C72P+6
s=0X1.2EE978D4FDF3BP+2
hz=0X1.1E169D0369D03P+8
h=0X1.8CCCCCCCCCCCDP+0

n=
d=2013-06-14T03:36:54Z
x=0X1.9C6978D4FDF3BP+8
y=0X1.5CCBC6A7EF9DBP+8
z=0X1.AF3F7CED91687P+5
v=0X1.779EB851EB852P+6
s=0X1.33D70A3D70A3DP+2
hz=0X1.1AAA740DA740DP+8
h=0X1.8CCCCCCCCCCCDP+0

n=
d=2013-06-14T03:36:54Z
x=0X1.9C6872B020C4AP+8
y=0X1.5CCC083126E98P+8
z=0X1.AF3D70A3D70A4P+5
v=0X1.77A02468ACF14P+6
s=0X1.34189374BC6A8P+2
hz=0X1.1AAA8641FDB97P+8
h=0X1.8CCCCCCCCCCCDP+0

n=
d=2013-06-14T03:36:54Z
x=0X1.9B404189374BCP+8
y=0X1.5B49BA5E353F8P+8
z=0X1.AF0C49BA5E354P+5
v=0X1.75BDB97530ECBP+6
s=0X1.77CED916872BP+2
hz=0X1.098B72EA61D96P+8
h=0X1.8CCCCCCCCCCCDP+0

n=
d=2013-06-14T03:36:54Z
x=0X1.9ABC28F5C28F6P+8
y=0X1.5A89374BC6A7FP+8
z=0X1.AEF1A9FBE76C9P+5
v=0X1.74EAF37C048D1P+6
s=0X1.9EF9DB22D0E56P+2
hz=0X1.0340DA740DA73P+8
h=0X1.8CCCCCCCCCCCDP+0

n=
d=2013-06-14T03:36:54Z
x=0X1.9AAD916872B02P+8
y=0X1.5A8A7EF9DB22DP+8
z=0X1.B022D0E560419P+5
v=0X1.6F9A2B3C4D5E7P+6
s=0X1.A20C49BA5E354P+2
hz=0X1.036369D0369DP+8
h=0X1.8CCCCCCCCCCCDP+0

n=
d=2013-06-14T03:36:54Z
x=0X1.9A610624DD2F2P+8
y=0X1.5A272B020C49CP+8
z=0X1.B11CAC083126FP+5
v=0X1.6B1D950C83FB7P+6
s=0X1.B9BA5E353F7CFP+2
hz=0X1.00AC3B2A1908P+8
h=0X1.8CCCCCCCCCCCDP+0

n=
d=2013-06-14T03:36:54Z
x=0X1.9A32F1A9FBE77P+8
y=0X1.59CD4FDF3B646P+8
z=0X1.AFD4FDF3B645AP+5
v=0X1.702468ACF1357P+6
s=0X1.CAC083126E979P+2
hz=0X1.FC8ECA8641FDCP+7
h=0X1.8CCCCCCCCCCCDP+0

n=
d=2013-06-14T03:36:54Z
x=0X1.99D810624DD2FP+8
y=0X1.593D70A3D70A4P+8
z=0X1.AF4395810624EP+5
v=0X1.71B92C5F92C6P+6
s=0X1.EB53F7CED9168P+2
hz=0X1.F5E83FB72EA61P+7
h=0X1.8CCCCCCCCCCCDP+0

n=
d=2013-06-14T03:36:54Z
x=0X1.992E147AE147BP+8
y=0X1.584D4FDF3B646P+8
z=0X1.AEEF9DB22D0E5P+5
v=0X1.71BA987654321P+6
s=0X1.146A7EF9DB22DP+3
hz=0X1.ED0091A2B3C4DP+7
h=0X1.8CCCCCCCCCCCDP+0

n=
d=2013-06-14T03:36:54Z
x=0X1.98D26E978D4FEP+8
y=0X1.57D1EB851EB85P+8
z=0X1.AF7EF9DB22D0EP+5
v=0X1.6F6AF37C048D1P+6
s=0X1.251EB851EB852P+3
hz=0X1.E9406D3A06D39P+7
h=0X1.8CCCCCCCCCCCDP+0

n=
d=2013-06-14T03:36:54Z
x=0X1.989F7CED91687P+8
y=0X1.577CED916872BP+8
z=0X1.AF810624DD2F2P+5
v=0X1.6F1F49F49F49FP+6
s=0X1.2F851EB851EB8P+3
hz=0X1.E6A83FB72EA61P+7
h=0X1.8CCCCCCCCCCCDP+0

n=
d=2013-06-14T03:36:54Z
x=0X1.A00C083126E98P+8
y=0X1.622624DD2F1AAP+8
z=0X1.B5353F7CED917P+5
v=0X1.5945B05B05B05P+6
s=0X1.A04189374BC6AP+2
hz=0X1.5EB69D0369D03P+8
h=0X1.8CCCCCCCCCCCDP+0",,,2013-06-14T06:36:37+0300,2013-06-14T06:36:54+0300,2014-07-28T12:25:30Z,Europe/Athens,2013-06-14T03:36:37Z,,,,,,,,,,,,,,,,,74E63E52-D092-4E14-94EC-A30CA8FE1983,,,,,"west:2019:b:3
west:2019:b:8
west:2019:b:15","410D20EA-CFF2-4E1F-84CE-0C335BFC9E7B
64404336-A78C-46C4-AA3A-0AD09E8DDC76
86F095FD-9684-415F-8E03-61CC6290B51A",,,,,,,,,,,,,,,,0,0,,0,,,,,
ΒΘ West 2013,Other,D,Room 2 survey,2013-06-20T10:40:34Z,2013-06-20T10:40:49Z,,,,,,,,All Done,0,,,,,20 juin 2013,,,,,,[53.049 TO 54.617],0.44,,,,"ENVELOPE(404.511, 412.725, 356.95, 354.833)","ENVELOPE(23.72271870636159718515, 23.72281213533726784704, 37.97644236639470705086, 37.97642310076137306396)","GEOMETRYCOLLECTION(POLYGON Z ((412.725 356.95 54.617, 412.235 356.843 54.595, 412.131 356.815 54.386, 411.433 356.651 54.394, 411.377 356.644 54.097, 410.898 356.53 54.092, 410.818 356.491 53.593, 409.226 356.087 53.668, 407.908 355.707 53.684, 407.267 355.541 53.658, 406.751 355.378 53.661, 406.17 355.267 53.8, 405.484 355.109 53.738, 405.29 355.049 53.709, 404.967 354.961 53.614, 404.664 354.838 53.562, 404.511 354.833 53.049, 412.725 356.95 54.617)))","POLYGON ((23.72281214 37.97644237, 23.72280656 37.97644139, 23.72280538 37.97644114, 23.72279744 37.97643964, 23.7227968 37.97643958, 23.72279135 37.97643854, 23.72279044 37.97643819, 23.72277234 37.97643451, 23.72275735 37.97643105, 23.72275005 37.97642954, 23.72274419 37.97642806, 23.72273758 37.97642705, 23.72272977 37.97642561, 23.72272757 37.97642507, 23.72272389 37.97642426, 23.72272045 37.97642315, 23.72271871 37.9764231, 23.72281214 37.97644237))",,"408.357, 355.831","n=
d=2013-06-20T10:40:49Z
x=0X1.9CB999999999AP+8
y=0X1.64F3333333333P+8
z=0X1.B4EF9DB22D0E5P+5
v=0X1.5E4ECA8641FDBP+6
s=0X1.3CAC083126E98P+3
hz=0X1.4EAA740DA740DP+8
h=0X1.8CCCCCCCCCCCDP+0

n=
d=2013-06-20T10:40:49Z
x=0X1.9C3C28F5C28F6P+8
y=0X1.64D7CED916873P+8
z=0X1.B4C28F5C28F5CP+5
v=0X1.5EEAF37C048D1P+6
s=0X1.409BA5E353F7DP+3
hz=0X1.4BDE4B17E4B17P+8
h=0X1.8CCCCCCCCCCCDP+0

n=
d=2013-06-20T10:40:49Z
x=0X1.9C2189374BC6AP+8
y=0X1.64D0A3D70A3D7P+8
z=0X1.B316872B020C5P+5
v=0X1.63B5C28F5C29P+6
s=0X1.41374BC6A7EFAP+3
hz=0X1.4B44D5E6F8092P+8
h=0X1.8CCCCCCCCCCCDP+0

n=
d=2013-06-20T10:40:49Z
x=0X1.9B6ED916872BP+8
y=0X1.64A6A7EF9DB23P+8
z=0X1.B326E978D4FDFP+5
v=0X1.639F92C5F92C6P+6
s=0X1.48189374BC6A8P+3
hz=0X1.4767AE147AE14P+8
h=0X1.8CCCCCCCCCCCDP+0

n=
d=2013-06-20T10:40:49Z
x=0X1.9B6083126E979P+8
y=0X1.64A4DD2F1A9FCP+8
z=0X1.B0C6A7EF9DB23P+5
v=0X1.6A4123456789BP+6
s=0X1.48D4FDF3B645AP+3
hz=0X1.471F13579BE02P+8
h=0X1.8CCCCCCCCCCCDP+0

n=
d=2013-06-20T10:40:49Z
x=0X1.9AE5E353F7CEEP+8
y=0X1.6487AE147AE14P+8
z=0X1.B0BC6A7EF9DB2P+5
v=0X1.6A56C16C16C16P+6
s=0X1.4E6E978D4FDF4P+3
hz=0X1.4493456789ABDP+8
h=0X1.8CCCCCCCCCCCDP+0

n=
d=2013-06-20T10:40:49Z
x=0X1.9AD16872B020CP+8
y=0X1.647DB22D0E56P+8
z=0X1.ACBE76C8B4396P+5
v=0X1.753DB97530ECAP+6
s=0X1.4F74BC6A7EF9EP+3
hz=0X1.4418091A2B3C5P+8
h=0X1.8CCCCCCCCCCCDP+0

n=
d=2013-06-20T10:40:49Z
x=0X1.9939DB22D0E56P+8
y=0X1.641645A1CAC08P+8
z=0X1.AD5810624DD2FP+5
v=0X1.72DBE02468ACFP+6
s=0X1.660C49BA5E354P+3
hz=0X1.3C3EDCBA98766P+8
h=0X1.8CCCCCCCCCCCDP+0

n=
d=2013-06-20T10:40:49Z
x=0X1.97E872B020C4AP+8
y=0X1.63B4FDF3B645AP+8
z=0X1.AD78D4FDF3B64P+5
v=0X1.71EB851EB851FP+6
s=0X1.7C624DD2F1AAP+3
hz=0X1.366P+8
h=0X1.8CCCCCCCCCCCDP+0

n=
d=2013-06-20T10:40:49Z
x=0X1.97445A1CAC083P+8
y=0X1.638A7EF9DB22DP+8
z=0X1.AD4395810624EP+5
v=0X1.7217530ECA864P+6
s=0X1.88FDF3B645A1DP+3
hz=0X1.33D7654320FECP+8
h=0X1.8CCCCCCCCCCCDP+0

n=
d=2013-06-20T10:40:49Z
x=0X1.96C04189374BCP+8
y=0X1.6360C49BA5E35P+8
z=0X1.AD49BA5E353F8P+5
v=0X1.71C56789ABCDFP+6
s=0X1.93126E978D4FEP+3
hz=0X1.31D091A2B3C4FP+8
h=0X1.8CCCCCCCCCCCDP+0

n=
d=2013-06-20T10:40:49Z
x=0X1.962B851EB851FP+8
y=0X1.63445A1CAC083P+8
z=0X1.AE66666666666P+5
v=0X1.6F0320FEDCBAAP+6
s=0X1.A0189374BC6A8P+3
hz=0X1.2FEB3C4D5E6F8P+8
h=0X1.8CCCCCCCCCCCDP+0

n=
d=2013-06-20T10:40:49Z
x=0X1.957BE76C8B439P+8
y=0X1.631BE76C8B439P+8
z=0X1.ADE76C8B43958P+5
v=0X1.6FD27D27D27D3P+6
s=0X1.AFDF3B645A1CBP+3
hz=0X1.2DBC048D159E3P+8
h=0X1.8CCCCCCCCCCCDP+0

n=
d=2013-06-20T10:40:49Z
x=0X1.954A3D70A3D71P+8
y=0X1.630C8B439581P+8
z=0X1.ADAC083126E98P+5
v=0X1.703C048D159E2P+6
s=0X1.B43126E978D5P+3
hz=0X1.2D172EA61D95P+8
h=0X1.8CCCCCCCCCCCDP+0

n=
d=2013-06-20T10:40:49Z
x=0X1.94F78D4FDF3B6P+8
y=0X1.62F604189374CP+8
z=0X1.ACE978D4FDF3BP+5
v=0X1.71A93E93E93EAP+6
s=0X1.BBC6A7EF9DB23P+3
hz=0X1.2C17777777776P+8
h=0X1.8CCCCCCCCCCCDP+0

n=
d=2013-06-20T10:40:49Z
x=0X1.94A9FBE76C8B4P+8
y=0X1.62D6872B020C5P+8
z=0X1.AC7EF9DB22D0EP+5
v=0X1.725B97530ECA8P+6
s=0X1.C25604189374CP+3
hz=0X1.2B0962FC962FDP+8
h=0X1.8CCCCCCCCCCCDP+0

n=
d=2013-06-20T10:40:49Z
x=0X1.9482D0E560419P+8
y=0X1.62D53F7CED917P+8
z=0X1.A8645A1CAC083P+5
v=0X1.7A83B2A1907F6P+6
s=0X1.C78D4FDF3B646P+3
hz=0X1.2AB8091A2B3C3P+8
h=0X1.8CCCCCCCCCCCDP+0

n=
d=2013-06-20T10:40:49Z
x=0X1.9CB999999999AP+8
y=0X1.64F3333333333P+8
z=0X1.B4EF9DB22D0E5P+5
v=0X1.5E4ECA8641FDBP+6
s=0X1.3CAC083126E98P+3
hz=0X1.4EAA740DA740DP+8
h=0X1.8CCCCCCCCCCCDP+0",,,2013-06-20T13:40:34+0300,2013-06-20T13:40:49+0300,2014-07-28T12:25:29Z,Europe/Athens,2013-06-20T10:40:34Z,,,,,,,,,,,,,,,,,603CFD7C-246D-41C3-AA9B-EC35D568B99A,,,,,"west:2019:b:4
west:2019:b:13
west:2019:b:16","071DE5A5-1FB7-480D-B4B2-9E1E7529FAE7
A081F0B0-1985-414F-A311-0D33A8E23376
B452EF8B-87A6-4FBF-971D-666F5F7F89AC",,,,,,,,,,,,,,,,0,0,,0,,,,,
ΒΘ West 2013,Other,E,"Survey: Room 1; Room 4; Eastern Extension of Room 4; Eastern Section, Northeastern Area; North Baulk, Eastern Section, Area 2",2013-06-18T09:44:07Z,2013-06-18T09:44:14Z,,,,,,,,All Done,0,,,,,18 juin 2013,,,,,,[52.613 TO 54.814],1.716,,,,"ENVELOPE(402.767, 416.791, 353.602, 351.427)","ENVELOPE(23.72269895564680197708, 23.72285851384120292096, 37.97641229718079358690, 37.97639237822265556588)","GEOMETRYCOLLECTION(POLYGON Z ((416.791 353.602 54.814, 416.66 353.591 54.579, 415.646 353.455 54.625, 415.545 353.415 54.244, 414.577 353.369 54.189, 414.524 353.358 54.089, 413.302 353.183 54.057, 413.19 353.164 53.621, 412.729 353.065 53.643, 412.636 353.035 53.869, 412.13 352.95 53.807, 410.834 352.692 53.819, 410.79 352.674 53.869, 410.446 352.732 53.82, 410.385 352.72 53.434, 409.394 352.55 53.461, 408.621 352.418 53.452, 407.548 352.219 53.526, 407.489 352.178 54.002, 407.026 352.029 53.851, 407 352.065 53.499, 405.951 351.918 53.453, 404.951 351.75 53.428, 403.872 351.583 53.454, 402.988 351.427 53.445, 402.767 351.478 52.613, 416.791 353.602 54.814)))","POLYGON ((23.72285851 37.9764123, 23.72285702 37.9764122, 23.72284549 37.97641095, 23.72284434 37.97641058, 23.72283332 37.97641015, 23.72283272 37.97641005, 23.72281881 37.97640844, 23.72281754 37.97640827, 23.7228123 37.97640736, 23.72281124 37.97640709, 23.72280548 37.97640631, 23.72279074 37.97640396, 23.72279024 37.9764038, 23.72278632 37.97640431, 23.72278563 37.9764042, 23.72277435 37.97640265, 23.72276556 37.97640144, 23.72275335 37.97639962, 23.72275268 37.97639925, 23.72274742 37.9763979, 23.72274712 37.97639822, 23.72273518 37.97639687, 23.72272381 37.97639533, 23.72271153 37.9763938, 23.72270147 37.97639238, 23.72269896 37.97639283, 23.72285851 37.9764123))",,"409.556, 352.509","n=
d=2013-06-18T09:44:14Z
x=0X1.A0CA7EF9DB22DP+8
y=0X1.619A1CAC08312P+8
z=0X1.B683126E978D5P+5
v=0X1.711999999999AP+6
s=0X1.32F1A9FBE76C9P+3
hz=0X1.5ABB2A1907F6EP+8
h=0X1.8CCCCCCCCCCCDP+0

n=
d=2013-06-18T09:44:14Z
x=0X1.A0A8F5C28F5C3P+8
y=0X1.61974BC6A7EFAP+8
z=0X1.B4A1CAC083127P+5
v=0X1.76AAF37C048D2P+6
s=0X1.34P+3
hz=0X1.59F50C83FB72EP+8
h=0X1.8CCCCCCCCCCCDP+0

n=
d=2013-06-18T09:44:14Z
x=0X1.9FA5604189375P+8
y=0X1.61747AE147AE1P+8
z=0X1.B5P+5
v=0X1.7553A06D3A06DP+6
s=0X1.393F7CED91687P+3
hz=0X1.53FD3A06D3A07P+8
h=0X1.8CCCCCCCCCCCDP+0

n=
d=2013-06-18T09:44:14Z
x=0X1.9F8B851EB851FP+8
y=0X1.616A3D70A3D71P+8
z=0X1.B1F3B645A1CACP+5
v=0X1.7E3B72EA61D95P+6
s=0X1.3A1CAC083126FP+3
hz=0X1.535A3D70A3D71P+8
h=0X1.8CCCCCCCCCCCDP+0

n=
d=2013-06-18T09:44:14Z
x=0X1.9E93B645A1CACP+8
y=0X1.615E76C8B4396P+8
z=0X1.B183126E978D5P+5
v=0X1.7EB7777777778P+6
s=0X1.4526E978D4FDFP+3
hz=0X1.4E1D950C83FB8P+8
h=0X1.8CCCCCCCCCCCDP+0

n=
d=2013-06-18T09:44:14Z
x=0X1.9E8624DD2F1AAP+8
y=0X1.615BA5E353F7DP+8
z=0X1.B0B645A1CAC08P+5
v=0X1.80EBCDF012346P+6
s=0X1.45E353F7CED91P+3
hz=0X1.4DD1907F6E5D5P+8
h=0X1.8CCCCCCCCCCCDP+0

n=
d=2013-06-18T09:44:14Z
x=0X1.9D4D4FDF3B646P+8
y=0X1.612ED916872BP+8
z=0X1.B074BC6A7EF9EP+5
v=0X1.808F13579BE03P+6
s=0X1.54395810624DDP+3
hz=0X1.4771D950C83FDP+8
h=0X1.8CCCCCCCCCCCDP+0

n=
d=2013-06-18T09:44:14Z
x=0X1.9D30A3D70A3D7P+8
y=0X1.6129FBE76C8B4P+8
z=0X1.ACF7CED916873P+5
v=0X1.89B7C048D159EP+6
s=0X1.576C8B439581P+3
hz=0X1.46E13579BE026P+8
h=0X1.8CCCCCCCCCCCDP+0

n=
d=2013-06-18T09:44:14Z
x=0X1.9CBA9FBE76C8BP+8
y=0X1.6110A3D70A3D7P+8
z=0X1.AD24DD2F1A9FCP+5
v=0X1.88B72EA61D951P+6
s=0X1.5CF5C28F5C28FP+3
hz=0X1.448ACF13579BEP+8
h=0X1.8CCCCCCCCCCCDP+0

n=
d=2013-06-18T09:44:14Z
x=0X1.9CA2D0E560419P+8
y=0X1.6108F5C28F5C3P+8
z=0X1.AEF3B645A1CACP+5
v=0X1.83EAAAAAAAAABP+6
s=0X1.5CED916872B02P+3
hz=0X1.440CA8641FDBAP+8
h=0X1.8CCCCCCCCCCCDP+0

n=
d=2013-06-18T09:44:14Z
x=0X1.9C2147AE147AEP+8
y=0X1.60F3333333333P+8
z=0X1.AE74BC6A7EF9EP+5
v=0X1.849950C83FB73P+6
s=0X1.64BC6A7EF9DB2P+3
hz=0X1.41AAE147AE148P+8
h=0X1.8CCCCCCCCCCCDP+0

n=
d=2013-06-18T09:44:14Z
x=0X1.9AD5810624DD3P+8
y=0X1.60B126E978D5P+8
z=0X1.AE8D4FDF3B646P+5
v=0X1.82C56789ABCDFP+6
s=0X1.79B22D0E56042P+3
hz=0X1.3BE83FB72EA61P+8
h=0X1.8CCCCCCCCCCCDP+0

n=
d=2013-06-18T09:44:14Z
x=0X1.9ACA3D70A3D71P+8
y=0X1.60AC8B439581P+8
z=0X1.AEF3B645A1CACP+5
v=0X1.81C51EB851EB9P+6
s=0X1.7A147AE147AE1P+3
hz=0X1.3BB1907F6E5D5P+8
h=0X1.8CCCCCCCCCCCDP+0

n=
d=2013-06-18T09:44:14Z
x=0X1.9A722D0E56042P+8
y=0X1.60BB645A1CAC1P+8
z=0X1.AE8F5C28F5C29P+5
v=0X1.82147AE147AE1P+6
s=0X1.834395810624EP+3
hz=0X1.3AB5B05B05B05P+8
h=0X1.8CCCCCCCCCCCDP+0

n=
d=2013-06-18T09:44:14Z
x=0X1.9A628F5C28F5CP+8
y=0X1.60B851EB851ECP+8
z=0X1.AB78D4FDF3B64P+5
v=0X1.8936E5D4C3B2AP+6
s=0X1.85F3B645A1CACP+3
hz=0X1.3A781B4E81B4DP+8
h=0X1.8CCCCCCCCCCCDP+0

n=
d=2013-06-18T09:44:14Z
x=0X1.9964DD2F1A9FCP+8
y=0X1.608CCCCCCCCCDP+8
z=0X1.ABB020C49BA5EP+5
v=0X1.872740DA740DAP+6
s=0X1.994FDF3B645A2P+3
hz=0X1.36C70A3D70A3DP+8
h=0X1.8CCCCCCCCCCCDP+0

n=
d=2013-06-18T09:44:14Z
x=0X1.989EF9DB22D0EP+8
y=0X1.606B020C49BA6P+8
z=0X1.AB9DB22D0E56P+5
v=0X1.861D0369D036AP+6
s=0X1.A9A1CAC083127P+3
hz=0X1.3425F92C5F92CP+8
h=0X1.8CCCCCCCCCCCDP+0

n=
d=2013-06-18T09:44:14Z
x=0X1.978C49BA5E354P+8
y=0X1.603810624DD2FP+8
z=0X1.AC353F7CED917P+5
v=0X1.834FEDCBA9876P+6
s=0X1.C0FDF3B645A1DP+3
hz=0X1.30C7777777776P+8
h=0X1.8CCCCCCCCCCCDP+0

n=
d=2013-06-18T09:44:14Z
x=0X1.977D2F1A9FBE7P+8
y=0X1.602D916872B02P+8
z=0X1.B004189374BC7P+5
v=0X1.7B86D3A06D3AP+6
s=0X1.C0395810624DDP+3
hz=0X1.307FEDCBA9878P+8
h=0X1.8CCCCCCCCCCCDP+0

n=
d=2013-06-18T09:44:14Z
x=0X1.9706A7EF9DB23P+8
y=0X1.60076C8B43958P+8
z=0X1.AECED916872BP+5
v=0X1.7D87AE147AE14P+6
s=0X1.CA4DD2F1A9FBEP+3
hz=0X1.2EF3A06D3A06EP+8
h=0X1.8CCCCCCCCCCCDP+0

n=
d=2013-06-18T09:44:14Z
x=0X1.97P+8
y=0X1.6010A3D70A3D7P+8
z=0X1.ABFDF3B645A1DP+5
v=0X1.830BA98765432P+6
s=0X1.CCCCCCCCCCCCDP+3
hz=0X1.2F04D5E6F8092P+8
h=0X1.8CCCCCCCCCCCDP+0

n=
d=2013-06-18T09:44:14Z
x=0X1.95F374BC6A7FP+8
y=0X1.5FEB020C49BA6P+8
z=0X1.AB9FBE76C8B44P+5
v=0X1.824A3D70A3D7P+6
s=0X1.E6E978D4FDF3BP+3
hz=0X1.2C627D27D27D2P+8
h=0X1.8CCCCCCCCCCCDP+0

n=
d=2013-06-18T09:44:14Z
x=0X1.94F374BC6A7FP+8
y=0X1.5FCP+8
z=0X1.AB6C8B439581P+5
v=0X1.8158BF258BF25P+6
s=0X1.0010624DD2F1BP+4
hz=0X1.2A09E26AF37C2P+8
h=0X1.8CCCCCCCCCCCDP+0

n=
d=2013-06-18T09:44:14Z
x=0X1.93DF3B645A1CBP+8
y=0X1.5F953F7CED917P+8
z=0X1.ABA1CAC083127P+5
v=0X1.7FA987654321P+6
s=0X1.0E20C49BA5E35P+4
hz=0X1.27CE02468ACF1P+8
h=0X1.8CCCCCCCCCCCDP+0

n=
d=2013-06-18T09:44:14Z
x=0X1.92FCED916872BP+8
y=0X1.5F6D4FDF3B646P+8
z=0X1.AB8F5C28F5C29P+5
v=0X1.7ECCCCCCCCCCDP+6
s=0X1.19DB22D0E5604P+4
hz=0X1.2616D3A06D39FP+8
h=0X1.8CCCCCCCCCCCDP+0

n=
d=2013-06-18T09:44:14Z
x=0X1.92C45A1CAC083P+8
y=0X1.5F7A5E353F7CFP+8
z=0X1.A4E76C8B43958P+5
v=0X1.891950C83FB73P+6
s=0X1.1F020C49BA5E3P+4
hz=0X1.25F26AF37C04AP+8
h=0X1.8CCCCCCCCCCCDP+0

n=
d=2013-06-18T09:44:14Z
x=0X1.A0CA7EF9DB22DP+8
y=0X1.619A1CAC08312P+8
z=0X1.B683126E978D5P+5
v=0X1.711999999999AP+6
s=0X1.32F1A9FBE76C9P+3
hz=0X1.5ABB2A1907F6EP+8
h=0X1.8CCCCCCCCCCCDP+0",,,2013-06-18T12:44:07+0300,2013-06-18T12:44:14+0300,2014-07-28T12:25:29Z,Europe/Athens,2013-06-18T09:44:07Z,,,,,,,,,,,,,,,,,3D9EB5D5-CCE0-4DA6-B48D-9020D42837C8,,,,,"west:2019:b:3
west:2019:b:8
west:2019:b:15","410D20EA-CFF2-4E1F-84CE-0C335BFC9E7B
64404336-A78C-46C4-AA3A-0AD09E8DDC76
86F095FD-9684-415F-8E03-61CC6290B51A",,,,,,,,,,,,,,,,0,0,,0,,,,,
